-- phpMyAdmin SQL Dump
-- version 4.9.5
-- https://www.phpmyadmin.net/
--
-- Host: localhost:3306
-- Generation Time: Jul 03, 2021 at 05:02 AM
-- Server version: 5.7.24
-- PHP Version: 7.4.1

SET SQL_MODE = "NO_AUTO_VALUE_ON_ZERO";
SET AUTOCOMMIT = 0;
START TRANSACTION;
SET time_zone = "+00:00";


/*!40101 SET @OLD_CHARACTER_SET_CLIENT=@@CHARACTER_SET_CLIENT */;
/*!40101 SET @OLD_CHARACTER_SET_RESULTS=@@CHARACTER_SET_RESULTS */;
/*!40101 SET @OLD_COLLATION_CONNECTION=@@COLLATION_CONNECTION */;
/*!40101 SET NAMES utf8mb4 */;

--
-- Database: `laravel`
--

-- --------------------------------------------------------

--
-- Table structure for table `failed_jobs`
--

CREATE TABLE `failed_jobs` (
  `id` bigint(20) UNSIGNED NOT NULL,
  `uuid` varchar(255) COLLATE utf8mb4_unicode_ci NOT NULL,
  `connection` text COLLATE utf8mb4_unicode_ci NOT NULL,
  `queue` text COLLATE utf8mb4_unicode_ci NOT NULL,
  `payload` longtext COLLATE utf8mb4_unicode_ci NOT NULL,
  `exception` longtext COLLATE utf8mb4_unicode_ci NOT NULL,
  `failed_at` timestamp NOT NULL DEFAULT CURRENT_TIMESTAMP
) ENGINE=InnoDB DEFAULT CHARSET=utf8mb4 COLLATE=utf8mb4_unicode_ci;

-- --------------------------------------------------------

--
-- Table structure for table `migrations`
--

CREATE TABLE `migrations` (
  `id` int(10) UNSIGNED NOT NULL,
  `migration` varchar(255) COLLATE utf8mb4_unicode_ci NOT NULL,
  `batch` int(11) NOT NULL
) ENGINE=InnoDB DEFAULT CHARSET=utf8mb4 COLLATE=utf8mb4_unicode_ci;

--
-- Dumping data for table `migrations`
--

INSERT INTO `migrations` (`id`, `migration`, `batch`) VALUES
(1, '2014_10_12_000000_create_users_table', 1),
(2, '2014_10_12_100000_create_password_resets_table', 1),
(3, '2019_08_19_000000_create_failed_jobs_table', 1),
(4, '2021_05_12_120607_create_staff_table', 1),
(5, '2021_05_12_120638_create_admin_table', 1),
(6, '2021_05_12_120700_create_unit_table', 1),
(7, '2021_05_12_120712_create_timetable_table', 1),
(8, '2021_05_12_120822_create_replacement_request_table', 1),
(9, '2021_05_12_120859_create_request_tracker_table', 1);

-- --------------------------------------------------------

--
-- Table structure for table `password_resets`
--

CREATE TABLE `password_resets` (
  `email` varchar(255) COLLATE utf8mb4_unicode_ci NOT NULL,
  `token` varchar(255) COLLATE utf8mb4_unicode_ci NOT NULL,
  `created_at` timestamp NULL DEFAULT NULL
) ENGINE=InnoDB DEFAULT CHARSET=utf8mb4 COLLATE=utf8mb4_unicode_ci;

-- --------------------------------------------------------

--
-- Table structure for table `replacement_requests`
--

CREATE TABLE `replacement_requests` (
  `id` bigint(20) UNSIGNED NOT NULL,
  `timetable_id` bigint(20) UNSIGNED NOT NULL,
  `staff_id` bigint(20) UNSIGNED NOT NULL,
  `reason` varchar(255) COLLATE utf8mb4_unicode_ci NOT NULL,
  `created_at` timestamp NULL DEFAULT NULL,
  `updated_at` timestamp NULL DEFAULT NULL
) ENGINE=InnoDB DEFAULT CHARSET=utf8mb4 COLLATE=utf8mb4_unicode_ci;

--
-- Dumping data for table `replacement_requests`
--

INSERT INTO `replacement_requests` (`id`, `timetable_id`, `staff_id`, `reason`, `created_at`, `updated_at`) VALUES
(1, 29542, 651, 'sick', '2021-06-29 23:28:47', '2021-06-29 23:28:47'),
(2, 29542, 651, 'sick', '2021-06-29 23:28:52', '2021-06-29 23:28:52'),
(3, 29542, 651, 'sick', '2021-06-29 23:28:57', '2021-06-29 23:28:57'),
(4, 29542, 651, 'uuygyguu', '2021-06-29 23:29:18', '2021-06-29 23:29:18');

-- --------------------------------------------------------

--
-- Table structure for table `request_tracker`
--

CREATE TABLE `request_tracker` (
  `id` bigint(20) UNSIGNED NOT NULL,
  `replacement_id` bigint(20) UNSIGNED NOT NULL,
  `staff_id` bigint(20) UNSIGNED NOT NULL,
  `accepted` tinyint(1) DEFAULT NULL,
  `created_at` timestamp NULL DEFAULT NULL,
  `updated_at` timestamp NULL DEFAULT NULL
) ENGINE=InnoDB DEFAULT CHARSET=utf8mb4 COLLATE=utf8mb4_unicode_ci;

-- --------------------------------------------------------

--
-- Table structure for table `staff`
--

CREATE TABLE `staff` (
  `id` bigint(20) UNSIGNED NOT NULL,
  `staff_id` varchar(255) COLLATE utf8mb4_unicode_ci DEFAULT NULL,
  `first_name` varchar(255) COLLATE utf8mb4_unicode_ci NOT NULL,
  `surname` varchar(255) COLLATE utf8mb4_unicode_ci NOT NULL,
  `email` varchar(255) COLLATE utf8mb4_unicode_ci NOT NULL,
  `user_id` bigint(20) UNSIGNED DEFAULT NULL
) ENGINE=InnoDB DEFAULT CHARSET=utf8mb4 COLLATE=utf8mb4_unicode_ci;

--
-- Dumping data for table `staff`
--

INSERT INTO `staff` (`id`, `staff_id`, `first_name`, `surname`, `email`, `user_id`) VALUES
(650, '9040020', 'Antoinette', 'Cotton', '9040020@westernsydney.edu.au', NULL),
(651, '30037839', 'Katherine', 'O\'Reilly', '30037839@westernsydney.edu.au', 6),
(652, '9030012', 'Stephen', 'McNally', '9030012@westernsydney.edu.au', NULL),
(653, '30000487', 'Fiona', 'McDermid', '30000487@westernsydney.edu.au', NULL),
(654, '30026120', 'Suzanne', 'Murphy', '30026120@westernsydney.edu.au', NULL),
(655, '2002350', 'Rebecca', 'O\'Reilly', '2002350@westernsydney.edu.au', NULL),
(656, '30029710', 'Tiffany', 'Northall', '30029710@westernsydney.edu.au', NULL),
(657, '30007116', 'Olayide', 'Ogunsiji', '30007116@westernsydney.edu.au', NULL),
(658, '30013324', 'Paula', 'Sanchez', '30013324@westernsydney.edu.au', NULL),
(659, '30015482', 'Sevinc', 'Yenyil', '30015482@westernsydney.edu.au', 4),
(660, '30015914', 'Belinda', 'Wheeldon', '30015914@westernsydney.edu.au', NULL),
(661, '30020685', 'Annette', 'Stunden', '30020685@westernsydney.edu.au', NULL),
(662, '30021403', 'Miriam', 'Panol', '30021403@westernsydney.edu.au', NULL),
(663, '30026130', 'Wendy', 'Lim', '30026130@westernsydney.edu.au', NULL),
(664, '30028663', 'Christine', 'Walker', '30028663@westernsydney.edu.au', NULL),
(665, '30029835', 'Kim', 'Wicks', '30029835@westernsydney.edu.au', NULL),
(666, '30030075', 'Maricris', 'Algoso', '30030075@westernsydney.edu.au', NULL),
(667, '30032545', 'Jennifer', 'Mills', '30032545@westernsydney.edu.au', NULL),
(668, '30034098', 'Peta', 'Hope', '30034098@westernsydney.edu.au', NULL),
(669, '30035399', 'Tatiana', 'Kopychynski', '30035399@westernsydney.edu.au', NULL),
(670, '30039675', 'Marina', 'Markovtzev', '30039675@westernsydney.edu.au', NULL),
(671, '30040722', 'Kathleen', 'Denbrok', '30040722@westernsydney.edu.au', NULL),
(672, '30040739', 'Catherine', 'Hudswell', '30040739@westernsydney.edu.au', NULL),
(673, '30040804', 'Nicole', 'Latham', '30040804@westernsydney.edu.au', NULL),
(674, '30043696', 'Renee', 'Beattie', '30043696@westernsydney.edu.au', NULL),
(675, '30045462', 'Katherine', 'Cooper', '30045462@westernsydney.edu.au', NULL),
(676, '30045723', 'Maricris (Maria)', 'Cartwright', '30045723@westernsydney.edu.au', NULL),
(677, '30050086', 'Niru', 'Narayan', '30050086@westernsydney.edu.au', NULL),
(678, '30050283', 'Mathew', 'Tang', '30050283@westernsydney.edu.au', NULL),
(679, '30050619', 'Nicole', 'Christiansen', '30050619@westernsydney.edu.au', NULL),
(680, '30051893', 'Damayanti', 'Limbu', '30051893@westernsydney.edu.au', NULL),
(681, '30053198', 'Soumya', 'Joseph', '30053198@westernsydney.edu.au', NULL),
(682, '30053831', 'Ivy', 'Abesamis', '30053831@westernsydney.edu.au', NULL),
(683, '30054546', 'Bronwen', 'Kay', '30054546@westernsydney.edu.au', NULL),
(684, '30054808', 'Shuvai', 'Gaka-Chisoro', '30054808@westernsydney.edu.au', NULL),
(685, '30055004', 'Reeta', 'Naidu', '30055004@westernsydney.edu.au', NULL),
(686, '30055230', 'Flowerlit', 'Thomas', '30055230@westernsydney.edu.au', NULL),
(687, '30057106', 'Eldie', 'Duggan', '30057106@westernsydney.edu.au', NULL),
(688, '30058558', 'Mark', 'Barcenilla', '30058558@westernsydney.edu.au', NULL),
(689, '30058569', 'Ofelia', 'McBride', '30058569@westernsydney.edu.au', NULL),
(690, '30058578', 'Kierrien', 'Peick', '30058578@westernsydney.edu.au', NULL),
(691, '9930405', 'Abigail', 'Humphreys', '9930405@westernsydney.edu.au', NULL),
(692, 'M9000013', 'Bronwyn', 'Everett', 'M9000013@westernsydney.edu.au', NULL),
(693, 'NEW 03', 'Melissa', 'O\'Loughlin', 'NEW 03@westernsydney.edu.au', NULL),
(694, 'NEW 07', 'Gisha', 'Idiculla', 'NEW 07@westernsydney.edu.au', NULL),
(695, '2002350', 'Rebecca', 'O\'Reilly', '2002350@westernsydney.edu.au', NULL),
(696, '30000487', 'Fiona', 'McDermid', '30000487@westernsydney.edu.au', NULL),
(697, '30002057', 'Christine', 'Taylor', '30002057@westernsydney.edu.au', NULL),
(698, '30007116', 'Olayide', 'Ogunsiji', '30007116@westernsydney.edu.au', NULL),
(699, '30020603', 'Rakime', 'Elmir', '30020603@westernsydney.edu.au', NULL),
(700, '30030075', 'Maricris', 'Algoso', '30030075@westernsydney.edu.au', NULL),
(701, '30042582', 'Peter', 'Lewis', '30042582@westernsydney.edu.au', NULL),
(702, '30046379', 'Jennifer', 'Haines', '30046379@westernsydney.edu.au', NULL),
(703, '30046589', 'Lynette', 'Raymond', '30046589@westernsydney.edu.au', NULL),
(704, '30049228', 'Sharon', 'Coulton', '30049228@westernsydney.edu.au', NULL),
(705, '30052471', 'Trudi', 'Elyard', '30052471@westernsydney.edu.au', NULL),
(706, '30058544', 'Joby', 'Alex', '30058544@westernsydney.edu.au', NULL),
(707, 'H8748884', 'Ana', 'Smith', 'H8748884@westernsydney.edu.au', NULL),
(708, 'H8748888', 'Kathleen', 'Dixon', 'H8748888@westernsydney.edu.au', NULL),
(709, '30013072', 'Anna', 'Maceri', '30013072@westernsydney.edu.au', NULL),
(710, '30015686', 'Jacinta', 'Mann', '30015686@westernsydney.edu.au', NULL),
(711, '30024037', 'Fiona', 'Loudon', '30024037@westernsydney.edu.au', NULL),
(712, '30030377', 'Jane', 'Medved-Fisher', '30030377@westernsydney.edu.au', NULL),
(713, '30032556', 'Rouba', 'Ballouk', '30032556@westernsydney.edu.au', NULL),
(714, '30037478', 'Ariana', 'Kong', '30037478@westernsydney.edu.au', NULL),
(715, '30042449', 'Monica', 'Bexton', '30042449@westernsydney.edu.au', NULL),
(716, '30049397', 'Chin Liang', 'Beh', '30049397@westernsydney.edu.au', NULL),
(717, '30052047', 'Amandeep', 'Kaur', '30052047@westernsydney.edu.au', NULL),
(718, '30055429', 'Patricia', 'Verhoeven', '30055429@westernsydney.edu.au', NULL),
(719, '30055559', 'Roufa', 'Sajeev', '30055559@westernsydney.edu.au', NULL),
(720, '30057000', 'Sheetal', 'Sood', '30057000@westernsydney.edu.au', NULL),
(721, '90947233', 'Jed', 'Montayre', '90947233@westernsydney.edu.au', NULL),
(722, 'H8237400', 'Bashir', 'Sumar', 'H8237400@westernsydney.edu.au', NULL),
(723, 'M9500071', 'Debra', 'Raymond', 'M9500071@westernsydney.edu.au', NULL),
(724, '30025688', 'Asiye', 'Kopan', '30025688@westernsydney.edu.au', NULL),
(725, '30032614', 'Hind', 'Elmir', '30032614@westernsydney.edu.au', NULL),
(726, '30039619', 'Anita', 'Hartati', '30039619@westernsydney.edu.au', NULL),
(727, '30015914', 'Belinda', 'Wheeldon', '30015914@westernsydney.edu.au', NULL),
(728, '30019636', 'Joan', 'Lynch', '30019636@westernsydney.edu.au', NULL),
(729, '30023661', 'Kirrilee', 'Phillips', '30023661@westernsydney.edu.au', NULL),
(730, '30025688', 'Asiye', 'Kopan', '30025688@westernsydney.edu.au', NULL),
(731, '30026130', 'Wendy', 'Lim', '30026130@westernsydney.edu.au', NULL),
(732, '30029824', 'Anne-Marie', 'Mansfield', '30029824@westernsydney.edu.au', NULL),
(733, '30029835', 'Kim', 'Wicks', '30029835@westernsydney.edu.au', NULL),
(734, '30031461', 'Kylie', 'Aldridge', '30031461@westernsydney.edu.au', NULL),
(735, '30034047', 'Patricia', 'Gauci', '30034047@westernsydney.edu.au', NULL),
(736, '30035399', 'Tatiana', 'Kopychynski', '30035399@westernsydney.edu.au', NULL),
(737, '30037961', 'Debbie', 'Hetherington', '30037961@westernsydney.edu.au', NULL),
(738, '30039619', 'Anita', 'Hartati', '30039619@westernsydney.edu.au', NULL),
(739, '30039668', 'Jill', 'Odgers', '30039668@westernsydney.edu.au', NULL),
(740, '30039675', 'Marina', 'Markovtzev', '30039675@westernsydney.edu.au', NULL),
(741, '30040739', 'Catherine', 'Hudswell', '30040739@westernsydney.edu.au', NULL),
(742, '30040747', 'Vicki', 'Ibbotson', '30040747@westernsydney.edu.au', NULL),
(743, '30041198', 'Elisha', 'Stein', '30041198@westernsydney.edu.au', NULL),
(744, '30042459', 'Donna', 'Game', '30042459@westernsydney.edu.au', NULL),
(745, '30043837', 'Catherine', 'Tang', '30043837@westernsydney.edu.au', NULL),
(746, '30045462', 'Katherine', 'Cooper', '30045462@westernsydney.edu.au', NULL),
(747, '30045723', 'Maricris (Maria)', 'Cartwright', '30045723@westernsydney.edu.au', NULL),
(748, '30046447', 'Janyne', 'Chenhall', '30046447@westernsydney.edu.au', NULL),
(749, '30047160', 'Loveness', 'Mauwa', '30047160@westernsydney.edu.au', NULL),
(750, '30050086', 'Niru', 'Narayan', '30050086@westernsydney.edu.au', NULL),
(751, '30050631', 'Yu Chin', 'Hou', '30050631@westernsydney.edu.au', NULL),
(752, '30051893', 'Damayanti', 'Limbu', '30051893@westernsydney.edu.au', NULL),
(753, '30051900', 'Iresha', 'Ranavi Achchillage', '30051900@westernsydney.edu.au', NULL),
(754, '30053140', 'Jessica', 'Bennett', '30053140@westernsydney.edu.au', NULL),
(755, '30053208', 'Judy (Soek)', 'Yong', '30053208@westernsydney.edu.au', NULL),
(756, '30053831', 'Ivy', 'Abesamis', '30053831@westernsydney.edu.au', NULL),
(757, '30054807', 'Hamish', 'Ambut', '30054807@westernsydney.edu.au', NULL),
(758, '30054808', 'Shuvai', 'Gaka-Chisoro', '30054808@westernsydney.edu.au', NULL),
(759, '30054827', 'Catherine', 'Wallace', '30054827@westernsydney.edu.au', NULL),
(760, '30057000', 'Sheetal', 'Sood', '30057000@westernsydney.edu.au', NULL),
(761, '30058558', 'Mark', 'Barcenilla', '30058558@westernsydney.edu.au', NULL),
(762, '30058569', 'Ofelia', 'McBride', '30058569@westernsydney.edu.au', NULL),
(763, '30058586', 'Angeline', 'Johnxavier', '30058586@westernsydney.edu.au', NULL),
(764, '9930405', 'Abigail', 'Humphreys', '9930405@westernsydney.edu.au', NULL),
(765, 'H8546160', 'Robyn', 'Moroney', 'H8546160@westernsydney.edu.au', NULL),
(766, 'NEW 05', 'Susmita', 'Dey', 'NEW 05@westernsydney.edu.au', NULL),
(767, 'NEW 09', 'Christina', 'Abouchanab', 'NEW 09@westernsydney.edu.au', NULL),
(768, '30004170', 'Lisa', 'Wyatt', '30004170@westernsydney.edu.au', NULL),
(769, '30011187', 'Nicole', 'Knox', '30011187@westernsydney.edu.au', NULL),
(770, '30023584', 'Cheryl', 'Dean', '30023584@westernsydney.edu.au', NULL),
(771, '30023661', 'Kirrilee', 'Phillips', '30023661@westernsydney.edu.au', NULL),
(772, '30024149', 'Miranda', 'Daly', '30024149@westernsydney.edu.au', NULL),
(773, '30024573', 'Kim', 'Griscti', '30024573@westernsydney.edu.au', NULL),
(774, '30031448', 'John', 'Sierra', '30031448@westernsydney.edu.au', NULL),
(775, '30032614', 'Hind', 'Elmir', '30032614@westernsydney.edu.au', NULL),
(776, '30034135', 'Graziella', 'Crammond', '30034135@westernsydney.edu.au', NULL),
(777, '30035399', 'Tatiana', 'Kopychynski', '30035399@westernsydney.edu.au', NULL),
(778, '30039675', 'Marina', 'Markovtzev', '30039675@westernsydney.edu.au', NULL),
(779, '30040722', 'Kathleen', 'Denbrok', '30040722@westernsydney.edu.au', NULL),
(780, '30047160', 'Loveness', 'Mauwa', '30047160@westernsydney.edu.au', NULL),
(781, '30050283', 'Mathew', 'Tang', '30050283@westernsydney.edu.au', NULL),
(782, '30050951', 'Alexis', 'Cunningham', '30050951@westernsydney.edu.au', NULL),
(783, '30051900', 'Iresha', 'Ranavi Achchillage', '30051900@westernsydney.edu.au', NULL),
(784, '30052340', 'Christine', 'Ly', '30052340@westernsydney.edu.au', NULL),
(785, '30052986', 'Sondos', 'Khazma', '30052986@westernsydney.edu.au', NULL),
(786, '30053208', 'Judy (Soek)', 'Yong', '30053208@westernsydney.edu.au', NULL),
(787, '30054807', 'Hamish', 'Ambut', '30054807@westernsydney.edu.au', NULL),
(788, '30054808', 'Shuvai', 'Gaka-Chisoro', '30054808@westernsydney.edu.au', NULL),
(789, '30055004', 'Reeta', 'Naidu', '30055004@westernsydney.edu.au', NULL),
(790, '30057000', 'Sheetal', 'Sood', '30057000@westernsydney.edu.au', NULL),
(791, '30057106', 'Eldie', 'Duggan', '30057106@westernsydney.edu.au', NULL),
(792, '30057118', 'Julie', 'Ale', '30057118@westernsydney.edu.au', NULL),
(793, '30058558', 'Mark', 'Barcenilla', '30058558@westernsydney.edu.au', NULL),
(794, 'M9600371', 'Evanthios', 'Alexandrou', 'M9600371@westernsydney.edu.au', NULL),
(795, 'NEW 02', 'Caral', 'Christian', 'NEW 02@westernsydney.edu.au', NULL),
(796, 'NEW 04', 'Lea', 'Mitchel', 'NEW 04@westernsydney.edu.au', NULL),
(797, 'NEW 11', 'Oliver', 'Lalia', 'NEW 11@westernsydney.edu.au', NULL),
(798, '30012223', 'Gihane', 'Endrawes', '30012223@westernsydney.edu.au', NULL),
(799, '30020635', 'Susan', 'Willis', '30020635@westernsydney.edu.au', NULL),
(800, '30025133', 'Spasija', 'Volcevska', '30025133@westernsydney.edu.au', NULL),
(801, '30026048', 'Gregory', 'Clark', '30026048@westernsydney.edu.au', NULL),
(802, '30026120', 'Suzanne', 'Murphy', '30026120@westernsydney.edu.au', NULL),
(803, '30028646', 'Robyn', 'Bowcock', '30028646@westernsydney.edu.au', NULL),
(804, '30035548', 'Scott', 'Brunero', '30035548@westernsydney.edu.au', NULL),
(805, '30036589', 'David', 'Baird', '30036589@westernsydney.edu.au', NULL),
(806, '30037803', 'Maria', 'Pearce', '30037803@westernsydney.edu.au', NULL),
(807, '30039504', 'Susan', 'Duffy', '30039504@westernsydney.edu.au', NULL),
(808, '30041693', 'Toby', 'Raeburn', '30041693@westernsydney.edu.au', NULL),
(809, '30046015', 'Tracy', 'Stanbrook', '30046015@westernsydney.edu.au', NULL),
(810, '30046084', 'Leone', 'Pike', '30046084@westernsydney.edu.au', NULL),
(811, '30049378', 'Aileen', 'Lane (Pamonag)', '30049378@westernsydney.edu.au', NULL),
(812, '30051802', 'Simehlani', 'Nyanyiwa', '30051802@westernsydney.edu.au', NULL),
(813, 'M8942593', 'Gloria', 'Teale', 'M8942593@westernsydney.edu.au', NULL),
(814, 'M9900573', 'Leanne', 'Cowin', 'M9900573@westernsydney.edu.au', NULL),
(815, 'NEW 01', 'Anisha', 'Basnet', 'NEW 01@westernsydney.edu.au', NULL),
(816, 'NEW 10', 'Margaret', 'Smith', 'NEW 10@westernsydney.edu.au', NULL),
(817, '30020635', 'Susan', 'Willis', '30020635@westernsydney.edu.au', NULL),
(818, '30015686', 'Jacinta', 'Mann', '30015686@westernsydney.edu.au', NULL),
(819, '30015914', 'Belinda', 'Wheeldon', '30015914@westernsydney.edu.au', NULL),
(820, '30020498', 'Paul', 'Glew', '30020498@westernsydney.edu.au', NULL),
(821, '30023661', 'Kirrilee', 'Phillips', '30023661@westernsydney.edu.au', NULL),
(822, '30029835', 'Kim', 'Wicks', '30029835@westernsydney.edu.au', NULL),
(823, '30030352', 'Gift', 'Mutsonziwa', '30030352@westernsydney.edu.au', NULL),
(824, '30031448', 'John', 'Sierra', '30031448@westernsydney.edu.au', NULL),
(825, '30036589', 'David', 'Baird', '30036589@westernsydney.edu.au', NULL),
(826, '30039675', 'Marina', 'Markovtzev', '30039675@westernsydney.edu.au', NULL),
(827, '30040722', 'Kathleen', 'Denbrok', '30040722@westernsydney.edu.au', NULL),
(828, '30040747', 'Vicki', 'Ibbotson', '30040747@westernsydney.edu.au', NULL),
(829, '30040783', 'Avril', 'Egerton', '30040783@westernsydney.edu.au', NULL),
(830, '30043837', 'Catherine', 'Tang', '30043837@westernsydney.edu.au', NULL),
(831, '30045462', 'Katherine', 'Cooper', '30045462@westernsydney.edu.au', NULL),
(832, '30050283', 'Mathew', 'Tang', '30050283@westernsydney.edu.au', NULL),
(833, '30052322', 'Sherin', 'Easo', '30052322@westernsydney.edu.au', NULL),
(834, '30052986', 'Sondos', 'Khazma', '30052986@westernsydney.edu.au', NULL),
(835, '30053208', 'Judy (Soek)', 'Yong', '30053208@westernsydney.edu.au', NULL),
(836, '30055429', 'Patricia', 'Verhoeven', '30055429@westernsydney.edu.au', NULL),
(837, '30057000', 'Sheetal', 'Sood', '30057000@westernsydney.edu.au', NULL),
(838, '30057014', 'Alana', 'Blake', '30057014@westernsydney.edu.au', NULL),
(839, '9930405', 'Abigail', 'Humphreys', '9930405@westernsydney.edu.au', NULL),
(840, 'H8748884', 'Ana', 'Smith', 'H8748884@westernsydney.edu.au', NULL),
(841, '30044882', 'Hazel', 'Keedle', '30044882@westernsydney.edu.au', NULL),
(842, '30031585', 'Elaine', 'Burns', '30031585@westernsydney.edu.au', NULL),
(843, '30021088', 'Leanne', 'Luck', '30021088@westernsydney.edu.au', NULL),
(844, '30058761', 'Jacqueline', 'Andrews', '30058761@westernsydney.edu.au', NULL),
(845, '30044882', 'Hazel', 'Keedle', '30044882@westernsydney.edu.au', NULL),
(846, '30008075', 'Nathan', 'Wilson', '30008075@westernsydney.edu.au', NULL),
(847, '30020428', 'Sharon', 'Jacobs', '30020428@westernsydney.edu.au', NULL),
(848, '30031448', 'John', 'Sierra', '30031448@westernsydney.edu.au', NULL),
(849, '30020498', 'Paul', 'Glew', '30020498@westernsydney.edu.au', NULL),
(850, '30020633', 'Suza', 'Trajkovski', '30020633@westernsydney.edu.au', NULL),
(851, '30020685', 'Annette', 'Stunden', '30020685@westernsydney.edu.au', NULL),
(852, '30025133', 'Spasija', 'Volcevska', '30025133@westernsydney.edu.au', NULL),
(853, '30028780', 'Diana', 'Jefferies', '30028780@westernsydney.edu.au', NULL),
(854, '30029835', 'Kim', 'Wicks', '30029835@westernsydney.edu.au', NULL),
(855, '30032266', 'Nancy', 'Choi', '30032266@westernsydney.edu.au', NULL),
(856, '30036589', 'David', 'Baird', '30036589@westernsydney.edu.au', NULL),
(857, '30042459', 'Donna', 'Game', '30042459@westernsydney.edu.au', NULL),
(858, '30043696', 'Renee', 'Beattie', '30043696@westernsydney.edu.au', NULL),
(859, '30046379', 'Jennifer', 'Haines', '30046379@westernsydney.edu.au', NULL),
(860, '30049378', 'Aileen', 'Lane (Pamonag)', '30049378@westernsydney.edu.au', NULL),
(861, '30050663', 'Louise', 'Heavey', '30050663@westernsydney.edu.au', NULL),
(862, '30051893', 'Damayanti', 'Limbu', '30051893@westernsydney.edu.au', NULL),
(863, '30052335', 'Christy', 'Cabote', '30052335@westernsydney.edu.au', NULL),
(864, '30052725', 'Helena', 'Brundell', '30052725@westernsydney.edu.au', NULL),
(865, '30053093', 'Sindiso', 'Dube', '30053093@westernsydney.edu.au', NULL),
(866, 'H8748884', 'Ana', 'Smith', 'H8748884@westernsydney.edu.au', NULL),
(867, '30004469', 'Alison', 'Barnes', '30004469@westernsydney.edu.au', NULL),
(868, '30006750', 'Elizabeth', 'Flannery', '30006750@westernsydney.edu.au', NULL),
(869, '30023584', 'Cheryl', 'Dean', '30023584@westernsydney.edu.au', NULL),
(870, '30031461', 'Kylie', 'Aldridge', '30031461@westernsydney.edu.au', NULL),
(871, '30033676', 'Rachel', 'Gregory-Wilson', '30033676@westernsydney.edu.au', NULL),
(872, '30036589', 'David', 'Baird', '30036589@westernsydney.edu.au', NULL),
(873, '30036887', 'Linda', 'Gregory', '30036887@westernsydney.edu.au', NULL),
(874, '30042030', 'Renae', 'Coleman', '30042030@westernsydney.edu.au', NULL),
(875, '30042482', 'Emily', 'Weston', '30042482@westernsydney.edu.au', NULL),
(876, '30046447', 'Janyne', 'Chenhall', '30046447@westernsydney.edu.au', NULL),
(877, '30052471', 'Trudi', 'Elyard', '30052471@westernsydney.edu.au', NULL),
(878, '9930405', 'Abigail', 'Humphreys', '9930405@westernsydney.edu.au', NULL),
(879, 'H8546160', 'Robyn', 'Moroney', 'H8546160@westernsydney.edu.au', NULL),
(880, '30016922', 'Bronwyn', 'Smith', '30016922@westernsydney.edu.au', NULL),
(881, '30019636', 'Joan', 'Lynch', '30019636@westernsydney.edu.au', NULL),
(882, '30023088', 'Rebekah', 'Carter', '30023088@westernsydney.edu.au', NULL),
(883, '30030109', 'Anne', 'Marks', '30030109@westernsydney.edu.au', NULL),
(884, '30030352', 'Gift', 'Mutsonziwa', '30030352@westernsydney.edu.au', NULL),
(885, '30030377', 'Jane', 'Medved-Fisher', '30030377@westernsydney.edu.au', NULL),
(886, '30031448', 'John', 'Sierra', '30031448@westernsydney.edu.au', NULL),
(887, '30032266', 'Nancy', 'Choi', '30032266@westernsydney.edu.au', NULL),
(888, '30032624', 'Jacqueline', 'Rojo', '30032624@westernsydney.edu.au', NULL),
(889, '30035399', 'Tatiana', 'Kopychynski', '30035399@westernsydney.edu.au', NULL),
(890, '30039675', 'Marina', 'Markovtzev', '30039675@westernsydney.edu.au', NULL),
(891, '30040739', 'Catherine', 'Hudswell', '30040739@westernsydney.edu.au', NULL),
(892, '30042482', 'Emily', 'Weston', '30042482@westernsydney.edu.au', NULL),
(893, '30052322', 'Sherin', 'Easo', '30052322@westernsydney.edu.au', NULL),
(894, '30058558', 'Mark', 'Barcenilla', '30058558@westernsydney.edu.au', NULL),
(895, '30058587', 'Masoud', 'Hassanpour Golakani', '30058587@westernsydney.edu.au', NULL),
(896, 'H0010380', 'Kathleen', 'Bell', 'H0010380@westernsydney.edu.au', NULL),
(897, 'H8546160', 'Robyn', 'Moroney', 'H8546160@westernsydney.edu.au', NULL),
(898, 'NEW 07', 'Gisha', 'Idiculla', 'NEW 07@westernsydney.edu.au', NULL),
(899, '30005157', 'Ajesh', 'George', '30005157@westernsydney.edu.au', NULL),
(900, '30008075', 'Nathan', 'Wilson', '30008075@westernsydney.edu.au', NULL),
(901, '30028930', 'Amy', 'Villarosa', '30028930@westernsydney.edu.au', NULL),
(902, '30033706', 'Rona', 'Pillay', '30033706@westernsydney.edu.au', NULL),
(903, '30034356', 'Evan', 'Atlantis', '30034356@westernsydney.edu.au', NULL),
(904, '30037478', 'Ariana', 'Kong', '30037478@westernsydney.edu.au', NULL),
(905, '30039504', 'Susan', 'Duffy', '30039504@westernsydney.edu.au', NULL),
(906, '30045004', 'Prakash', 'Poudel', '30045004@westernsydney.edu.au', NULL),
(907, '30045913', 'Lorna', 'Barrow', '30045913@westernsydney.edu.au', NULL),
(908, '30049817', 'Sheeja', 'Perumbil Pathrose', '30049817@westernsydney.edu.au', NULL),
(909, '30052460', 'Lal Bahadur', 'Rawal', '30052460@westernsydney.edu.au', NULL),
(910, '30058587', 'Masoud', 'Hassanpour Golakani', '30058587@westernsydney.edu.au', NULL),
(911, '9040020', 'Antoinette', 'Cotton', '9040020@westernsydney.edu.au', NULL),
(912, '9930945', 'Jann', 'Foster', '9930945@westernsydney.edu.au', NULL),
(913, 'H9080240', 'Laynie', 'Hall Pullin', 'H9080240@westernsydney.edu.au', NULL),
(914, 'M9900573', 'Leanne', 'Cowin', 'M9900573@westernsydney.edu.au', NULL),
(915, '30006750', 'Elizabeth', 'Flannery', '30006750@westernsydney.edu.au', NULL),
(916, '30020428', 'Sharon', 'Jacobs', '30020428@westernsydney.edu.au', NULL),
(917, '30020492', 'Toni', 'Azzopardi', '30020492@westernsydney.edu.au', NULL),
(918, '30021363', 'Leanne', 'Hunt', '30021363@westernsydney.edu.au', NULL),
(919, '30025688', 'Asiye', 'Kopan', '30025688@westernsydney.edu.au', NULL),
(920, '30028945', 'Nicole', 'McIntosh', '30028945@westernsydney.edu.au', NULL),
(921, '30030109', 'Anne', 'Marks', '30030109@westernsydney.edu.au', NULL),
(922, '30032614', 'Hind', 'Elmir', '30032614@westernsydney.edu.au', NULL),
(923, '30032624', 'Jacqueline', 'Rojo', '30032624@westernsydney.edu.au', NULL),
(924, '30037961', 'Debbie', 'Hetherington', '30037961@westernsydney.edu.au', NULL),
(925, '30040722', 'Kathleen', 'Denbrok', '30040722@westernsydney.edu.au', NULL),
(926, '30050631', 'Yu Chin', 'Hou', '30050631@westernsydney.edu.au', NULL),
(927, '30050951', 'Alexis', 'Cunningham', '30050951@westernsydney.edu.au', NULL),
(928, '30051804', 'Gladis', 'Kabil', '30051804@westernsydney.edu.au', NULL),
(929, '30052322', 'Sherin', 'Easo', '30052322@westernsydney.edu.au', NULL),
(930, '30054807', 'Hamish', 'Ambut', '30054807@westernsydney.edu.au', NULL),
(931, '30054808', 'Shuvai', 'Gaka-Chisoro', '30054808@westernsydney.edu.au', NULL),
(932, '30054827', 'Catherine', 'Wallace', '30054827@westernsydney.edu.au', NULL),
(933, 'NEW 02', 'Caral', 'Christian', 'NEW 02@westernsydney.edu.au', NULL),
(934, 'NEW 08', 'Kelly', 'Thompson', 'NEW 08@westernsydney.edu.au', NULL),
(935, '30016779', 'Deborah', 'Giles', '30016779@westernsydney.edu.au', NULL),
(936, '30018530', 'Lauren-Leigh', 'Metcalfe', '30018530@westernsydney.edu.au', NULL),
(937, '30029710', 'Tiffany', 'Northall', '30029710@westernsydney.edu.au', NULL),
(938, '30037063', 'Nikki-Maree', 'Meller', '30037063@westernsydney.edu.au', NULL),
(939, '30039619', 'Anita', 'Hartati', '30039619@westernsydney.edu.au', NULL),
(940, '30040783', 'Avril', 'Egerton', '30040783@westernsydney.edu.au', NULL),
(941, '30042449', 'Monica', 'Bexton', '30042449@westernsydney.edu.au', NULL),
(942, '30052047', 'Amandeep', 'Kaur', '30052047@westernsydney.edu.au', NULL),
(943, '30052322', 'Sherin', 'Easo', '30052322@westernsydney.edu.au', NULL),
(944, '30053198', 'Soumya', 'Joseph', '30053198@westernsydney.edu.au', NULL),
(945, '30055167', 'Matthew', 'Perich', '30055167@westernsydney.edu.au', NULL),
(946, '30057246', 'Sine', 'Khongpool', '30057246@westernsydney.edu.au', NULL),
(947, '30057634', 'Lisa', 'Wong', '30057634@westernsydney.edu.au', NULL),
(948, 'H9080240', 'Laynie', 'Hall Pullin', 'H9080240@westernsydney.edu.au', NULL),
(949, 'M9500071', 'Debra', 'Raymond', 'M9500071@westernsydney.edu.au', NULL),
(950, '2002350', 'Rebecca', 'O\'Reilly', '2002350@westernsydney.edu.au', NULL),
(951, '30031448', 'John', 'Sierra', '30031448@westernsydney.edu.au', NULL),
(952, '30031843', 'Laura', 'Mellish', '30031843@westernsydney.edu.au', NULL),
(953, '30009967', 'Julie Michaela (Kye)', 'Porritt', '30009967@westernsydney.edu.au', NULL),
(954, '30051775', 'Lisa', 'Cutajar', '30051775@westernsydney.edu.au', NULL),
(955, '30052319', 'Gail', 'Colquhoun', '30052319@westernsydney.edu.au', NULL),
(956, '30054494', 'Remya', 'Ravindranathan Nair', '30054494@westernsydney.edu.au', NULL),
(957, '30009967', 'Julie Michaela (Kye)', 'Porritt', '30009967@westernsydney.edu.au', NULL),
(958, '30051775', 'Lisa', 'Cutajar', '30051775@westernsydney.edu.au', NULL),
(959, '30052319', 'Gail', 'Colquhoun', '30052319@westernsydney.edu.au', NULL),
(960, '30043646', 'Michelle', 'Eveleigh', '30043646@westernsydney.edu.au', NULL),
(961, '30051775', 'Lisa', 'Cutajar', '30051775@westernsydney.edu.au', NULL),
(962, '30058761', 'Jacqueline', 'Andrews', '30058761@westernsydney.edu.au', NULL),
(963, '2002350', 'Rebecca', 'O\'Reilly', '2002350@westernsydney.edu.au', NULL),
(964, '30021088', 'Leanne', 'Luck', '30021088@westernsydney.edu.au', NULL),
(965, '30041198', 'Elisha', 'Stein', '30041198@westernsydney.edu.au', NULL),
(966, 'H9410127', 'Fiona', 'Arundell', 'H9410127@westernsydney.edu.au', NULL),
(967, '30021088', 'Leanne', 'Luck', '30021088@westernsydney.edu.au', NULL),
(968, '30041198', 'Elisha', 'Stein', '30041198@westernsydney.edu.au', NULL),
(969, 'H9410127', 'Fiona', 'Arundell', 'H9410127@westernsydney.edu.au', NULL),
(970, '30041198', 'Elisha', 'Stein', '30041198@westernsydney.edu.au', NULL),
(971, '30042030', 'Renae', 'Coleman', '30042030@westernsydney.edu.au', NULL),
(972, '30052319', 'Gail', 'Colquhoun', '30052319@westernsydney.edu.au', NULL);

-- --------------------------------------------------------

--
-- Table structure for table `timetables`
--

CREATE TABLE `timetables` (
  `id` bigint(20) UNSIGNED NOT NULL,
  `timetable_id` varchar(255) COLLATE utf8mb4_unicode_ci NOT NULL,
  `session` varchar(255) COLLATE utf8mb4_unicode_ci NOT NULL,
  `unit_code_id` bigint(20) UNSIGNED DEFAULT NULL,
  `activity_id` varchar(255) COLLATE utf8mb4_unicode_ci NOT NULL,
  `day` varchar(255) COLLATE utf8mb4_unicode_ci NOT NULL,
  `campus` varchar(255) COLLATE utf8mb4_unicode_ci NOT NULL,
  `start_time` time NOT NULL,
  `location` varchar(255) COLLATE utf8mb4_unicode_ci NOT NULL,
  `hrs_per_week` int(11) NOT NULL,
  `staff_id` bigint(20) UNSIGNED DEFAULT NULL,
  `position_type` enum('Casual','Permanent','Empty') COLLATE utf8mb4_unicode_ci NOT NULL
) ENGINE=InnoDB DEFAULT CHARSET=utf8mb4 COLLATE=utf8mb4_unicode_ci;

--
-- Dumping data for table `timetables`
--

INSERT INTO `timetables` (`id`, `timetable_id`, `session`, `unit_code_id`, `activity_id`, `day`, `campus`, `start_time`, `location`, `hrs_per_week`, `staff_id`, `position_type`) VALUES
(28863, '401040-PAR-2-WKa-A21', 'A21', 558, 'WKa', 'Thu', 'Parramatta', '09:00:00', 'x*External - Off Campus', 7, 841, 'Casual'),
(28864, '401040-PAR-2-WKa-A21', 'A21', 558, 'WKb', 'Tue', 'Parramatta', '09:00:00', 'x*External - Off Campus', 7, 841, 'Casual'),
(28865, '401040-PAR-2-WKa-A21', 'A21', 558, 'WKb', 'Wed', 'Parramatta', '09:00:00', 'x*External - Off Campus', 7, 841, 'Casual'),
(28866, '401000-CAM-1-SK-A21', 'A21', 371, 'SK', 'Mon', 'Campbelltown', '09:00:00', 'CA-15.G.08 (CPU)', 3, 659, 'Casual'),
(28867, '401000-CAM-2-SK-A21', 'A21', 371, 'SK', 'Mon', 'Campbelltown', '09:00:00', 'CA-15.G.19 (CPU)', 3, 663, 'Casual'),
(28868, '401000-CAM-3-SK-A21', 'A21', 371, 'SK', 'Mon', 'Campbelltown', '12:00:00', 'CA-15.G.08 (CPU)', 3, 666, 'Casual'),
(28869, '401000-CAM-4-SK-A21', 'A21', 371, 'SK', 'Mon', 'Campbelltown', '12:00:00', 'CA-15.G.19 (CPU)', 3, 663, 'Casual'),
(28870, '401000-CAM-5-SK-A21', 'A21', 371, 'SK', 'Tue', 'Campbelltown', '09:00:00', 'CA-15.G.08 (CPU)', 3, 663, 'Casual'),
(28871, '401000-CAM-6-SK-A21', 'A21', 371, 'SK', 'Tue', 'Campbelltown', '09:00:00', 'CA-15.G.19 (CPU)', 3, 659, 'Casual'),
(28872, '401000-CAM-7-SK-A21', 'A21', 371, 'SK', 'Tue', 'Campbelltown', '12:00:00', 'CA-15.G.08 (CPU)', 3, 682, 'Casual'),
(28873, '401000-CAM-8-SK-A21', 'A21', 371, 'SK', 'Tue', 'Campbelltown', '12:00:00', 'CA-15.G.19 (CPU)', 3, 663, 'Casual'),
(28874, '401000-CAM-9-SK-A21', 'A21', 371, 'SK', 'Wed', 'Campbelltown', '09:00:00', 'CA-15.G.08 (CPU)', 3, 682, 'Casual'),
(28875, '401000-CAM-10-SK-A21', 'A21', 371, 'SK', 'Wed', 'Campbelltown', '09:00:00', 'CA-15.G.19 (CPU)', 3, 686, 'Casual'),
(28876, '401000-CAM-11-SK-A21', 'A21', 371, 'SK', 'Wed', 'Campbelltown', '12:00:00', 'CA-15.G.08 (CPU)', 3, 681, 'Casual'),
(28877, '401000-CAM-12-SK-A21', 'A21', 371, 'SK', 'Wed', 'Campbelltown', '12:00:00', 'CA-15.G.19 (CPU)', 3, 685, 'Casual'),
(28878, '401000-CAM-13-SK-A21', 'A21', 371, 'SK', 'Thu', 'Campbelltown', '09:00:00', 'CA-15.G.08 (CPU)', 3, 691, 'Casual'),
(28879, '401000-CAM-14-SK-A21', 'A21', 371, 'SK', 'Thu', 'Campbelltown', '09:00:00', 'CA-15.G.19 (CPU)', 3, 679, 'Casual'),
(28880, '401000-CAM-15-SK-A21', 'A21', 371, 'SK', 'Thu', 'Campbelltown', '12:00:00', 'CA-15.G.08 (CPU)', 3, 680, 'Casual'),
(28881, '401000-CAM-16-SK-A21', 'A21', 371, 'SK', 'Thu', 'Campbelltown', '12:00:00', 'CA-15.G.19 (CPU)', 3, 679, 'Casual'),
(28882, '401000-CAM-17-SK-A21', 'A21', 371, 'SK', 'Fri', 'Campbelltown', '09:00:00', 'CA-15.G.08 (CPU)', 3, 679, 'Casual'),
(28883, '401000-CAM-18-SK-A21', 'A21', 371, 'SK', 'Fri', 'Campbelltown', '09:00:00', 'CA-15.G.19 (CPU)', 3, 669, 'Casual'),
(28884, '401000-CAM-19-SK-A21', 'A21', 371, 'SK', 'Fri', 'Campbelltown', '13:00:00', 'CA-15.G.08 (CPU)', 3, 669, 'Casual'),
(28885, '401000-CAM-20-SK-A21', 'A21', 371, 'SK', 'Fri', 'Campbelltown', '13:00:00', 'CA-15.G.19 (CPU)', 3, 679, 'Casual'),
(28886, '401000-CAM-21-SK-A21', 'A21', 371, 'SK', 'Tue', 'Campbelltown', '15:00:00', 'CA-15.G.08 (CPU)', 3, 659, 'Casual'),
(28887, '401000-CAM-22-SK-A21', 'A21', 371, 'SK', 'Tue', 'Campbelltown', '15:00:00', 'CA-15.G.19 (CPU)', 3, 663, 'Casual'),
(28888, '401000-CAM-23-SK-A21', 'A21', 371, 'SK', 'Wed', 'Campbelltown', '15:00:00', 'CA-15.G.08 (CPU)', 3, 666, 'Casual'),
(28889, '401000-CAM-24-SK-A21', 'A21', 371, 'SK', 'Wed', 'Campbelltown', '15:00:00', 'CA-15.G.19 (CPU)', 3, 681, 'Casual'),
(28890, '401000-CAM-25-SK-A21', 'A21', 371, 'SK', 'Thu', 'Campbelltown', '15:00:00', 'CA-15.G.08 (CPU)', 3, 691, 'Casual'),
(28891, '401000-CAM-26-SK-A21', 'A21', 371, 'SK', 'Thu', 'Campbelltown', '15:00:00', 'CA-15.G.19 (CPU)', 3, 680, 'Casual'),
(28892, '401000-CAM-1-WKa-A21', 'A21', 371, 'WKa', 'Mon', 'Campbelltown', '08:00:00', 'CA-11.1.05 (CLS)', 1, 659, 'Casual'),
(28893, '401000-CAM-2-WKa-A21', 'A21', 371, 'WKa', 'Thu', 'Campbelltown', '11:00:00', 'CA-10.G.03 (CLS)', 1, 680, 'Casual'),
(28894, '401000-CAM-3-WKa-A21', 'A21', 371, 'WKa', 'Mon', 'Campbelltown', '11:00:00', 'CA-10.1.03 (CLS)', 1, 666, 'Casual'),
(28895, '401000-CAM-4-WKa-A21', 'A21', 371, 'WKa', 'Fri', 'Campbelltown', '08:00:00', 'CA-11.1.05 (CLS)', 1, 679, 'Casual'),
(28896, '401000-CAM-5-WKa-A21', 'A21', 371, 'WKa', 'Tue', 'Campbelltown', '08:00:00', 'CA-11.1.05 (CLS)', 1, 663, 'Casual'),
(28897, '401000-CAM-6-WKa-A21', 'A21', 371, 'WKa', 'Fri', 'Campbelltown', '12:00:00', 'CA-10.G.03 (CLS)', 1, 669, 'Casual'),
(28898, '401000-CAM-7-WKa-A21', 'A21', 371, 'WKa', 'Tue', 'Campbelltown', '11:00:00', 'CA-10.1.06 (CLS)', 1, 682, 'Casual'),
(28899, '401000-CAM-8-WKa-A21', 'A21', 371, 'WKa', 'Tue', 'Campbelltown', '14:00:00', 'CA-04.G.06 (LR05)', 1, 659, 'Casual'),
(28900, '401000-CAM-9-WKa-A21', 'A21', 371, 'WKa', 'Wed', 'Campbelltown', '08:00:00', 'CA-11.1.05 (CLS)', 1, 682, 'Casual'),
(28901, '401000-CAM-10-WKa-A21', 'A21', 371, 'WKa', 'Wed', 'Campbelltown', '14:00:00', 'CA-04.G.06 (LR05)', 1, 666, 'Casual'),
(28902, '401000-CAM-11-WKa-A21', 'A21', 371, 'WKa', 'Wed', 'Campbelltown', '11:00:00', 'CA-10.G.06 (CLS)', 1, 681, 'Casual'),
(28903, '401000-CAM-12-WKa-A21', 'A21', 371, 'WKa', 'Thu', 'Campbelltown', '14:00:00', 'CA-11.G.05 (CLS)', 1, 691, 'Casual'),
(28904, '401000-CAM-13-WKa-A21', 'A21', 371, 'WKa', 'Thu', 'Campbelltown', '08:00:00', 'CA-11.1.05 (CLS)', 1, 691, 'Casual'),
(28905, '401000-HAW-1-SK-A21', 'A21', 371, 'SK', 'Mon', 'Hawkesbury', '09:00:00', 'HW-H8.G.20 (Lab 4)', 3, 672, 'Casual'),
(28906, '401000-HAW-2-SK-A21', 'A21', 371, 'SK', 'Mon', 'Hawkesbury', '13:00:00', 'HW-H8.G.20 (Lab 4)', 3, 676, 'Casual'),
(28907, '401000-HAW-3-SK-A21', 'A21', 371, 'SK', 'Tue', 'Hawkesbury', '09:00:00', 'HW-H8.G.20 (Lab 4)', 3, 672, 'Casual'),
(28908, '401000-HAW-4-SK-A21', 'A21', 371, 'SK', 'Tue', 'Hawkesbury', '12:00:00', 'HW-H8.G.20 (Lab 4)', 3, 664, 'Casual'),
(28909, '401000-HAW-5-SK-A21', 'A21', 371, 'SK', 'Wed', 'Hawkesbury', '09:00:00', 'HW-H8.G.20 (Lab 4)', 3, 674, 'Casual'),
(28910, '401000-HAW-6-SK-A21', 'A21', 371, 'SK', 'Wed', 'Hawkesbury', '12:00:00', 'HW-H8.G.20 (Lab 4)', 3, 664, 'Casual'),
(28911, '401000-HAW-7-SK-A21', 'A21', 371, 'SK', 'Thu', 'Hawkesbury', '09:00:00', 'HW-H8.G.20 (Lab 4)', 3, 693, 'Casual'),
(28912, '401000-HAW-8-SK-A21', 'A21', 371, 'SK', 'Thu', 'Hawkesbury', '12:00:00', 'HW-H8.G.20 (Lab 4)', 3, 667, 'Casual'),
(28913, '401000-HAW-9-SK-A21', 'A21', 371, 'SK', 'Fri', 'Hawkesbury', '09:00:00', 'HW-H8.G.20 (Lab 4)', 3, 668, 'Casual'),
(28914, '401000-HAW-10-SK-A21', 'A21', 371, 'SK', 'Fri', 'Hawkesbury', '12:00:00', 'HW-H8.G.20 (Lab 4)', 3, 667, 'Casual'),
(28915, '401000-HAW-11-SK-A21', 'A21', 371, 'SK', 'Mon', 'Hawkesbury', '09:00:00', 'HW-H8.G.15 (Lab 3)', 3, 677, 'Casual'),
(28916, '401000-HAW-12-SK-A21', 'A21', 371, 'SK', 'Mon', 'Hawkesbury', '13:00:00', 'HW-H8.G.15 (Lab 3)', 3, 672, 'Casual'),
(28917, '401000-HAW-13-SK-A21', 'A21', 371, 'SK', 'Tue', 'Hawkesbury', '09:00:00', 'HW-H8.G.15 (Lab 3)', 3, 674, 'Casual'),
(28918, '401000-HAW-14-SK-A21', 'A21', 371, 'SK', 'Tue', 'Hawkesbury', '12:00:00', 'HW-H8.G.15 (Lab 3)', 3, 674, 'Casual'),
(28919, '401000-HAW-15-SK-A21', 'A21', 371, 'SK', 'Wed', 'Hawkesbury', '09:00:00', 'HW-H8.G.15 (Lab 3)', 3, 667, 'Casual'),
(28920, '401000-HAW-16-SK-A21', 'A21', 371, 'SK', 'Wed', 'Hawkesbury', '12:00:00', 'HW-H8.G.15 (Lab 3)', 3, 665, 'Casual'),
(28921, '401000-HAW-17-SK-A21', 'A21', 371, 'SK', 'Thu', 'Hawkesbury', '09:00:00', 'HW-H8.G.15 (Lab 3)', 3, 664, 'Casual'),
(28922, '401000-HAW-18-SK-A21', 'A21', 371, 'SK', 'Thu', 'Hawkesbury', '12:00:00', 'HW-H8.G.15 (Lab 3)', 3, 664, 'Casual'),
(28923, '401000-HAW-19-SK-A21', 'A21', 371, 'SK', 'Fri', 'Hawkesbury', '09:00:00', 'HW-H8.G.15 (Lab 3)', 3, 683, 'Casual'),
(28924, '401000-HAW-20-SK-A21', 'A21', 371, 'SK', 'Fri', 'Hawkesbury', '12:00:00', 'HW-H8.G.15 (Lab 3)', 3, 683, 'Casual'),
(28925, '401000-HAW-1-WKa-A21', 'A21', 371, 'WKa', 'Mon', 'Hawkesbury', '08:00:00', 'HW-H7.G.12', 1, 672, 'Casual'),
(28926, '401000-HAW-2-WKa-A21', 'A21', 371, 'WKa', 'Mon', 'Hawkesbury', '12:00:00', 'HW-G6.1.16 (CLS)', 1, 676, 'Casual'),
(28927, '401000-HAW-3-WKa-A21', 'A21', 371, 'WKa', 'Tue', 'Hawkesbury', '08:00:00', 'HW-H7.G.12', 1, 672, 'Casual'),
(28928, '401000-HAW-4-WKa-A21', 'A21', 371, 'WKa', 'Tue', 'Hawkesbury', '11:00:00', 'HW-G6.1.18 (CLS)', 1, 664, 'Casual'),
(28929, '401000-HAW-5-WKa-A21', 'A21', 371, 'WKa', 'Wed', 'Hawkesbury', '08:00:00', 'HW-H7.G.12', 1, 674, 'Casual'),
(28930, '401000-HAW-6-WKa-A21', 'A21', 371, 'WKa', 'Wed', 'Hawkesbury', '11:00:00', 'HW-G6.1.16 (CLS)', 1, 664, 'Casual'),
(28931, '401000-HAW-7-WKa-A21', 'A21', 371, 'WKa', 'Thu', 'Hawkesbury', '08:00:00', 'HW-H7.G.12', 1, 693, 'Casual'),
(28932, '401000-HAW-8-WKa-A21', 'A21', 371, 'WKa', 'Thu', 'Hawkesbury', '11:00:00', 'HW-G6.1.18 (CLS)', 1, 667, 'Casual'),
(28933, '401000-HAW-9-WKa-A21', 'A21', 371, 'WKa', 'Fri', 'Hawkesbury', '08:00:00', 'HW-H7.G.12', 1, 668, 'Casual'),
(28934, '401000-HAW-10-WKa-A21', 'A21', 371, 'WKa', 'Fri', 'Hawkesbury', '11:00:00', 'HW-G6.1.18 (CLS)', 1, 667, 'Casual'),
(28935, '401000-LIV-1-SK-A21', 'A21', 371, 'SK', 'Mon', 'Liverpool', '09:00:00', 'LP-03.3.01 (CPU)', 3, 686, 'Casual'),
(28936, '401000-LIV-2-SK-A21', 'A21', 371, 'SK', 'Mon', 'Liverpool', '09:00:00', 'LP-03.3.02 (CPU)', 3, 680, 'Casual'),
(28937, '401000-LIV-3-SK-A21', 'A21', 371, 'SK', 'Mon', 'Liverpool', '12:00:00', 'LP-03.3.01 (CPU)', 3, 694, 'Casual'),
(28938, '401000-LIV-4-SK-A21', 'A21', 371, 'SK', 'Mon', 'Liverpool', '12:00:00', 'LP-03.3.02 (CPU)', 3, 680, 'Casual'),
(28939, '401000-LIV-5-SK-A21', 'A21', 371, 'SK', 'Mon', 'Liverpool', '15:00:00', 'LP-03.3.01 (CPU)', 3, 658, 'Casual'),
(28940, '401000-LIV-6-SK-A21', 'A21', 371, 'SK', 'Mon', 'Liverpool', '15:00:00', 'LP-03.3.02 (CPU)', 3, 685, 'Casual'),
(28941, '401000-LIV-7-SK-A21', 'A21', 371, 'SK', 'Tue', 'Liverpool', '09:00:00', 'LP-03.3.01 (CPU)', 3, 686, 'Casual'),
(28942, '401000-LIV-8-SK-A21', 'A21', 371, 'SK', 'Tue', 'Liverpool', '09:00:00', 'LP-03.3.02 (CPU)', 3, 688, 'Casual'),
(28943, '401000-LIV-9-SK-A21', 'A21', 371, 'SK', 'Tue', 'Liverpool', '12:00:00', 'LP-03.3.01 (CPU)', 3, 658, 'Casual'),
(28944, '401000-LIV-10-SK-A21', 'A21', 371, 'SK', 'Tue', 'Liverpool', '12:00:00', 'LP-03.3.02 (CPU)', 3, 685, 'Casual'),
(28945, '401000-LIV-1-WKa-A21', 'A21', 371, 'WKa', 'Mon', 'Liverpool', '08:00:00', 'LP-03.4.02 (LS)', 1, 686, 'Casual'),
(28946, '401000-LIV-2-WKa-A21', 'A21', 371, 'WKa', 'Mon', 'Liverpool', '11:00:00', 'LP-03.4.01 (LS)', 1, 694, 'Casual'),
(28947, '401000-LIV-3-WKa-A21', 'A21', 371, 'WKa', 'Mon', 'Liverpool', '14:00:00', 'LP-03.4.02 (LS)', 1, 658, 'Casual'),
(28948, '401000-LIV-4-WKa-A21', 'A21', 371, 'WKa', 'Tue', 'Liverpool', '08:00:00', 'LP-03.4.01 (LS)', 1, 686, 'Casual'),
(28949, '401000-LIV-5-WKa-A21', 'A21', 371, 'WKa', 'Tue', 'Liverpool', '11:00:00', 'LP-03.4.01 (LS)', 1, 658, 'Casual'),
(28950, '401000-PAR-9-SK-A21', 'A21', 371, 'SK', 'Fri', 'Parramatta', '09:00:00', 'PS-EB.1.04 (CPU)', 3, 692, 'Casual'),
(28951, '401000-PAR-10-SK-A21', 'A21', 371, 'SK', 'Fri', 'Parramatta', '12:00:00', 'PS-EB.1.04 (CPU)', 3, 665, 'Casual'),
(28952, '401000-PAR-19-SK-A21', 'A21', 371, 'SK', 'Fri', 'Parramatta', '09:00:00', 'PS-EB.1.02 (CPU)', 3, 660, 'Casual'),
(28953, '401000-PAR-20-SK-A21', 'A21', 371, 'SK', 'Fri', 'Parramatta', '12:00:00', 'PS-EB.1.02 (CPU)', 3, 660, 'Casual'),
(28954, '401000-PAR-29-SK-A21', 'A21', 371, 'SK', 'Fri', 'Parramatta', '15:00:00', 'PS-EB.1.04 (CPU)', 3, 662, 'Casual'),
(28955, '401000-PAR-13-WKa-A21', 'A21', 371, 'WKa', 'Fri', 'Parramatta', '08:00:00', 'PS-EB.G.36 (CLS)', 1, 692, 'Casual'),
(28956, '401000-PAR-14-WKa-A21', 'A21', 371, 'WKa', 'Fri', 'Parramatta', '11:00:00', 'PS-EB.3.33A (CLS)', 1, 665, 'Casual'),
(28957, '401000-PAR-15-WKa-A21', 'A21', 371, 'WKa', 'Fri', 'Parramatta', '14:00:00', 'PS-EA.1.29 (CLS)', 1, 662, 'Casual'),
(28958, '401000-PAR-1-SK-A21', 'A21', 371, 'SK', 'Mon', 'Parramatta', '09:00:00', 'PS-EB.1.04 (CPU)', 3, 660, 'Casual'),
(28959, '401000-PAR-2-SK-A21', 'A21', 371, 'SK', 'Mon', 'Parramatta', '12:00:00', 'PS-EB.1.04 (CPU)', 3, 673, 'Casual'),
(28960, '401000-PAR-17-SK-A21', 'A21', 371, 'SK', 'Mon', 'Parramatta', '09:00:00', 'PS-EB.1.02 (CPU)', 3, 665, 'Casual'),
(28961, '401000-PAR-18-SK-A21', 'A21', 371, 'SK', 'Mon', 'Parramatta', '12:00:00', 'PS-EB.1.02 (CPU)', 3, 665, 'Casual'),
(28962, '401000-PAR-27-SK-A21', 'A21', 371, 'SK', 'Mon', 'Parramatta', '15:00:00', 'PS-EB.1.04 (CPU)', 3, 660, 'Casual'),
(28963, '401000-PAR-28-SK-A21', 'A21', 371, 'SK', 'Mon', 'Parramatta', '15:00:00', 'PS-EB.1.02 (CPU)', 3, 665, 'Casual'),
(28964, '401000-PAR-1-WKa-A21', 'A21', 371, 'WKa', 'Mon', 'Parramatta', '08:00:00', 'PS-EB.G.36 (CLS)', 1, 660, 'Casual'),
(28965, '401000-PAR-2-WKa-A21', 'A21', 371, 'WKa', 'Mon', 'Parramatta', '11:00:00', 'PS-EA.1.33 (CLS)', 1, 673, 'Casual'),
(28966, '401000-PAR-3-WKa-A21', 'A21', 371, 'WKa', 'Mon', 'Parramatta', '14:00:00', 'PS-EB.3.36 (CLS)', 1, 660, 'Casual'),
(28967, '401000-PAR-7-SK-A21', 'A21', 371, 'SK', 'Thu', 'Parramatta', '09:00:00', 'PS-EB.1.02 (CPU)', 3, 687, 'Casual'),
(28968, '401000-PAR-8-SK-A21', 'A21', 371, 'SK', 'Thu', 'Parramatta', '12:00:00', 'PS-EB.1.04 (CPU)', 3, 675, 'Casual'),
(28969, '401000-PAR-15-SK-A21', 'A21', 371, 'SK', 'Thu', 'Parramatta', '09:00:00', 'PS-EB.1.04 (CPU)', 3, 683, 'Casual'),
(28970, '401000-PAR-16-SK-A21', 'A21', 371, 'SK', 'Thu', 'Parramatta', '12:00:00', 'PS-EB.1.02 (CPU)', 3, 683, 'Casual'),
(28971, '401000-PAR-25-SK-A21', 'A21', 371, 'SK', 'Thu', 'Parramatta', '15:00:00', 'PS-EB.1.04 (CPU)', 3, 665, 'Casual'),
(28972, '401000-PAR-26-SK-A21', 'A21', 371, 'SK', 'Thu', 'Parramatta', '15:00:00', 'PS-EB.1.02 (CPU)', 3, 675, 'Casual'),
(28973, '401000-PAR-10-WKa-A21', 'A21', 371, 'WKa', 'Thu', 'Parramatta', '08:00:00', 'PS-EB.G.36 (CLS)', 1, 687, 'Casual'),
(28974, '401000-PAR-11-WKa-A21', 'A21', 371, 'WKa', 'Thu', 'Parramatta', '11:00:00', 'PS-EB.G.38 (CLS)', 1, 675, 'Casual'),
(28975, '401000-PAR-12-WKa-A21', 'A21', 371, 'WKa', 'Thu', 'Parramatta', '14:00:00', 'PS-EB.G.21 (CLS)', 1, 665, 'Casual'),
(28976, '401000-PAR-3-SK-A21', 'A21', 371, 'SK', 'Tue', 'Parramatta', '09:00:00', 'PS-EB.1.04 (CPU)', 3, 661, 'Casual'),
(28977, '401000-PAR-4-SK-A21', 'A21', 371, 'SK', 'Tue', 'Parramatta', '18:00:00', 'PS-EB.1.02 (CPU)', 3, 673, 'Casual'),
(28978, '401000-PAR-11-SK-A21', 'A21', 371, 'SK', 'Tue', 'Parramatta', '09:00:00', 'PS-EB.1.02 (CPU)', 3, 670, 'Casual'),
(28979, '401000-PAR-12-SK-A21', 'A21', 371, 'SK', 'Tue', 'Parramatta', '12:00:00', 'PS-EB.1.02 (CPU)', 3, 670, 'Casual'),
(28980, '401000-PAR-21-SK-A21', 'A21', 371, 'SK', 'Tue', 'Parramatta', '15:00:00', 'PS-EB.1.02 (CPU)', 3, 661, 'Casual'),
(28981, '401000-PAR-22-SK-A21', 'A21', 371, 'SK', 'Tue', 'Parramatta', '15:00:00', 'PS-EB.1.04 (CPU)', 3, 692, 'Casual'),
(28982, '401000-PAR-4-WKa-A21', 'A21', 371, 'WKa', 'Tue', 'Parramatta', '08:00:00', 'PS-EB.3.05 (CLS)', 1, 661, 'Casual'),
(28983, '401000-PAR-5-WKa-A21', 'A21', 371, 'WKa', 'Tue', 'Parramatta', '17:00:00', 'PS-EA.G.18 (CLS)', 1, 673, 'Casual'),
(28984, '401000-PAR-6-WKa-A21', 'A21', 371, 'WKa', 'Tue', 'Parramatta', '14:00:00', 'PS-EB.3.38 (CLS)', 1, 661, 'Casual'),
(28985, '401000-PAR-5-SK-A21', 'A21', 371, 'SK', 'Wed', 'Parramatta', '09:00:00', 'PS-EB.1.04 (CPU)', 3, 660, 'Casual'),
(28986, '401000-PAR-6-SK-A21', 'A21', 371, 'SK', 'Wed', 'Parramatta', '12:00:00', 'PS-EB.1.04 (CPU)', 3, 669, 'Casual'),
(28987, '401000-PAR-13-SK-A21', 'A21', 371, 'SK', 'Wed', 'Parramatta', '09:00:00', 'PS-EB.1.02 (CPU)', 3, 678, 'Casual'),
(28988, '401000-PAR-14-SK-A21', 'A21', 371, 'SK', 'Wed', 'Parramatta', '12:00:00', 'PS-EB.1.02 (CPU)', 3, 690, 'Casual'),
(28989, '401000-PAR-23-SK-A21', 'A21', 371, 'SK', 'Wed', 'Parramatta', '15:00:00', 'PS-EB.1.02 (CPU)', 3, 671, 'Casual'),
(28990, '401000-PAR-24-SK-A21', 'A21', 371, 'SK', 'Wed', 'Parramatta', '15:00:00', 'PS-EB.1.04 (CPU)', 3, 690, 'Casual'),
(28991, '401000-PAR-7-WKa-A21', 'A21', 371, 'WKa', 'Wed', 'Parramatta', '08:00:00', 'PS-EB.3.05 (CLS)', 1, 660, 'Casual'),
(28992, '401000-PAR-8-WKa-A21', 'A21', 371, 'WKa', 'Wed', 'Parramatta', '11:00:00', 'PS-EA.1.29 (CLS)', 1, 669, 'Casual'),
(28993, '401000-PAR-9-WKa-A21', 'A21', 371, 'WKa', 'Wed', 'Parramatta', '14:00:00', 'PS-EB.3.37 (CLS)', 1, 671, 'Casual'),
(28994, '401000-LIV-1-SK-A21', 'A21', 371, 'SK', 'Mon', 'Liverpool', '09:00:00', 'LP-03.3.01 (CPU)', 3, 688, 'Casual'),
(28995, '401000-LIV-2-SK-A21', 'A21', 371, 'SK', 'Mon', 'Liverpool', '09:00:00', 'LP-03.3.02 (CPU)', 3, 658, 'Casual'),
(28996, '401000-LIV-3-SK-A21', 'A21', 371, 'SK', 'Mon', 'Liverpool', '12:00:00', 'LP-03.3.01 (CPU)', 3, 685, 'Casual'),
(28997, '401000-LIV-4-SK-A21', 'A21', 371, 'SK', 'Mon', 'Liverpool', '12:00:00', 'LP-03.3.02 (CPU)', 3, 689, 'Casual'),
(28998, '401000-LIV-5-SK-A21', 'A21', 371, 'SK', 'Mon', 'Liverpool', '15:00:00', 'LP-03.3.01 (CPU)', 3, 688, 'Casual'),
(28999, '401000-LIV-6-SK-A21', 'A21', 371, 'SK', 'Mon', 'Liverpool', '15:00:00', 'LP-03.3.02 (CPU)', 3, 694, 'Casual'),
(29000, '401000-LIV-7-SK-A21', 'A21', 371, 'SK', 'Tue', 'Liverpool', '09:00:00', 'LP-03.3.01 (CPU)', 3, 685, 'Casual'),
(29001, '401000-LIV-8-SK-A21', 'A21', 371, 'SK', 'Tue', 'Liverpool', '09:00:00', 'LP-03.3.02 (CPU)', 3, 694, 'Casual'),
(29002, '401000-LIV-9-SK-A21', 'A21', 371, 'SK', 'Tue', 'Liverpool', '12:00:00', 'LP-03.3.01 (CPU)', 3, 684, 'Casual'),
(29003, '401000-LIV-10-SK-A21', 'A21', 371, 'SK', 'Tue', 'Liverpool', '12:00:00', 'LP-03.3.02 (CPU)', 3, 694, 'Casual'),
(29004, '401000-LIV-1-WKa-A21', 'A21', 371, 'WKa', 'Mon', 'Liverpool', '08:00:00', 'LP-03.4.02 (LS)', 1, 688, 'Casual'),
(29005, '401000-LIV-2-WKa-A21', 'A21', 371, 'WKa', 'Mon', 'Liverpool', '11:00:00', 'LP-03.4.01 (LS)', 1, 685, 'Casual'),
(29006, '401000-LIV-3-WKa-A21', 'A21', 371, 'WKa', 'Mon', 'Liverpool', '14:00:00', 'LP-03.4.02 (LS)', 1, 688, 'Casual'),
(29007, '401000-LIV-4-WKa-A21', 'A21', 371, 'WKa', 'Tue', 'Liverpool', '08:00:00', 'LP-03.4.01 (LS)', 1, 685, 'Casual'),
(29008, '401000-LIV-5-WKa-A21', 'A21', 371, 'WKa', 'Tue', 'Liverpool', '11:00:00', 'LP-03.4.01 (LS)', 1, 684, 'Casual'),
(29009, '401001-ONLINE-1-CL-A21', 'A21', 408, 'CL', 'Mon', 'Online', '14:00:00', 'Zoom', 1, 701, 'Casual'),
(29010, '401001-ONLINE-2-CL-A21', 'A21', 408, 'CL', 'Tue', 'Online', '13:00:00', 'Zoom', 1, 655, 'Casual'),
(29011, '401001-ONLINE-3-CL-A21', 'A21', 408, 'CL', 'Wed', 'Online', '11:00:00', 'Zoom', 1, 699, 'Casual'),
(29012, '401206-LIV-4-TU-A21', 'A21', 580, 'TU', 'Thu', 'Liverpool', '15:00:00', 'LP-03.5.01 (LS)', 2, 705, 'Casual'),
(29013, '401206-HAW-14-TU-A21', 'A21', 580, 'TU', 'Mon', 'Hawkesbury', '14:00:00', 'HW-H7.G.06', 2, 875, 'Casual'),
(29014, '401207-HAW-14-TU-A21', 'A21', 593, 'TU', 'Thu', 'Hawkesbury', '13:00:00', 'HW-H7.G.06', 2, 672, 'Casual'),
(29015, '401208-HAW-13-TU-A21', 'A21', 612, 'TU', 'Fri', 'Hawkesbury', '14:00:00', 'HW-H7.G.07', 2, 907, 'Casual'),
(29016, '401008-HAW-12-WKa-A21', 'A21', 440, 'WKa', 'Thu', 'Hawkesbury', '15:00:00', 'HW-H7.G.14', 1, 672, 'Casual'),
(29017, '401008-HAW-23-SK-A21', 'A21', 440, 'SK', 'Thu', 'Hawkesbury', '16:00:00', 'HW-H8.G.10 (Lab 1)', 3, 754, 'Casual'),
(29018, '401008-HAW-24-SK-A21', 'A21', 440, 'SK', 'Thu', 'Hawkesbury', '16:00:00', 'HW-H8.G.14 (Lab 2)', 3, 672, 'Casual'),
(29019, '401016-HAW-22-SK-A21', 'A21', 481, 'SK', 'Thu', 'Hawkesbury', '17:00:00', 'HW-H8.G.24 (Lab 5)', 2, 773, 'Casual'),
(29020, '401016-HAW-22-WKa-A21', 'A21', 481, 'WKa', 'Thu', 'Hawkesbury', '16:00:00', 'HW-G6.1.15 (CLS)', 1, 773, 'Casual'),
(29021, '401016-CAM-23-WKa-A21', 'A21', 481, 'WKa', 'Thu', 'Campbelltown', '16:00:00', 'CA-11.G.04 (CLS)', 1, 774, 'Casual'),
(29022, '401016-CAM-23-SK-A21', 'A21', 481, 'SK', 'Thu', 'Campbelltown', '17:00:00', 'CA-15.G.17 (CPU)', 2, 774, 'Casual'),
(29023, '401029-PAR-Grp1-CPU-17/2-02:00PM-SM21', 'SM21', 531, 'SK', 'Wed', 'Parramatta', '14:00:00', 'PS-EB.1.02', 3, 829, 'Casual'),
(29024, '401216-CAM-1-WKa-A21', 'A21', 664, 'WKa', 'Sat', 'Campbelltown', '10:00:00', 'CA-15.G.11 (CPU) (13/3, 3/4, 8/5), CA-15.G.18 (CPU) (13/3, 3/4, 8/5), CA-15.G.19 (CPU) (13/3, 3/4, 8/5)', 4, 952, 'Casual'),
(29025, '401216-CAM-1-WKa-A21', 'A21', 664, 'WKa', 'Sat', 'Campbelltown', '10:00:00', 'CA-15.G.11 (CPU) (13/3, 3/4, 8/5), CA-15.G.18 (CPU) (13/3, 3/4, 8/5), CA-15.G.19 (CPU) (13/3, 3/4, 8/5)', 4, 774, 'Casual'),
(29026, '401204-PAR-1-WK-A21', 'A21', 560, 'WK', 'Sat', 'Parramatta', '10:00:00', 'PS-EB.1.25 (CPU)', 4, 774, 'Casual'),
(29027, '401029-PAR-Grp1-WK-12/1-09:00AM-SM21', 'SM21', 531, 'WK', 'Tue', 'Parramatta', '09:00:00', 'Zoom', 3, 805, 'Casual'),
(29028, '401029-PAR-Grp2-WK-12/1-09:00AM-SM21', 'SM21', 531, 'WK', 'Tue', 'Parramatta', '09:00:00', 'Zoom', 3, 707, 'Casual'),
(29029, '401029-PAR-Grp3-WK-12/1-09:00AM-SM21', 'SM21', 531, 'WK', 'Tue', 'Parramatta', '09:00:00', 'Zoom', 3, 820, 'Casual'),
(29030, '401029-PAR-Grp4-WK-12/1-09:00AM-SM21', 'SM21', 531, 'WK', 'Tue', 'Parramatta', '09:00:00', 'Zoom', 3, 838, 'Casual'),
(29031, '401029-PAR-Grp5-WK-12/1-01:00PM-SM21', 'SM21', 531, 'WK', 'Tue', 'Parramatta', '13:00:00', 'Zoom', 3, 805, 'Casual'),
(29032, '401029-PAR-Grp6-WK-12/1-01:00PM-SM21', 'SM21', 531, 'WK', 'Tue', 'Parramatta', '13:00:00', 'Zoom', 3, 707, 'Casual'),
(29033, '401029-PAR-Grp7-WK-12/1-01:00PM-SM21', 'SM21', 531, 'WK', 'Tue', 'Parramatta', '13:00:00', 'Zoom', 3, 820, 'Casual'),
(29034, '401029-PAR-Grp8-WK-12/1-01:00PM-SM21', 'SM21', 531, 'WK', 'Tue', 'Parramatta', '13:00:00', 'Zoom', 3, 838, 'Casual'),
(29035, '401029-PAR-Grp5-WK-12/1-09:00AM-SM21', 'SM21', 531, 'WK', 'Tue', 'Parramatta', '09:00:00', 'Zoom', 3, 671, 'Casual'),
(29036, '401029-PAR-Grp6-WK-12/1-09:00AM-SM21', 'SM21', 531, 'WK', 'Tue', 'Parramatta', '09:00:00', 'Zoom', 3, 675, 'Casual'),
(29037, '401029-PAR-Grp7-WK-12/1-09:00AM-SM21', 'SM21', 531, 'WK', 'Tue', 'Parramatta', '09:00:00', 'Zoom', 3, 785, 'Casual'),
(29038, '401029-PAR-Grp8-WK-12/1-09:00AM-SM21', 'SM21', 531, 'WK', 'Tue', 'Parramatta', '09:00:00', 'Zoom', 3, 755, 'Casual'),
(29039, '401029-PAR-Grp1-WK-12/1-01:00PM-SM21', 'SM21', 531, 'WK', 'Tue', 'Parramatta', '13:00:00', 'Zoom', 3, 671, 'Casual'),
(29040, '401029-PAR-Grp2-WK-12/1-01:00PM-SM21', 'SM21', 531, 'WK', 'Tue', 'Parramatta', '13:00:00', 'Zoom', 3, 675, 'Casual'),
(29041, '401029-PAR-Grp3-WK-12/1-01:00PM-SM21', 'SM21', 531, 'WK', 'Tue', 'Parramatta', '13:00:00', 'Zoom', 3, 785, 'Casual'),
(29042, '401029-PAR-Grp4-WK-12/1-01:00PM-SM21', 'SM21', 531, 'WK', 'Tue', 'Parramatta', '13:00:00', 'Zoom', 3, 755, 'Casual'),
(29043, '401029-PAR-Grp1&2-TU-13/1-12:00PM-SM21', 'SM21', 531, 'TU', 'Wed', 'Parramatta', '12:00:00', 'Zoom', 2, 805, 'Casual'),
(29044, '401029-PAR-Grp3&4-TU-13/1-12:00PM-SM21', 'SM21', 531, 'TU', 'Wed', 'Parramatta', '12:00:00', 'Zoom', 2, 707, 'Casual'),
(29045, '401029-PAR-Grp5&6-TU-13/1-12:00PM-SM21', 'SM21', 531, 'TU', 'Wed', 'Parramatta', '14:30:00', 'Zoom', 2, 805, 'Casual'),
(29046, '401029-PAR-Grp7&8-TU-13/1-12:00PM-SM21', 'SM21', 531, 'TU', 'Wed', 'Parramatta', '14:30:00', 'Zoom', 2, 707, 'Casual'),
(29047, '401029-PAR-Grp1-WKA-14/1-09:00AM-SM21', 'SM21', 531, 'WKA', 'Thu', 'Parramatta', '09:00:00', 'PS-EB.3.33 (CLS)', 1, 720, 'Casual'),
(29048, '401029-PAR-Grp2-WKA-14/1-09:15AM-SM21', 'SM21', 531, 'WKA', 'Thu', 'Parramatta', '09:15:00', 'PS-EB.3.35 (CLS)', 1, 678, 'Casual'),
(29049, '401029-PAR-Grp3-WKA-14/1-09:30AM-SM21', 'SM21', 531, 'WKA', 'Thu', 'Parramatta', '09:30:00', 'PS-EB.3.36 (CLS)', 1, 671, 'Casual'),
(29050, '401029-PAR-Grp4-WKA-14/1-09:45AM-SM21', 'SM21', 531, 'WKA', 'Thu', 'Parramatta', '09:45:00', 'PS-EB.3.37 (CLS)', 1, 691, 'Casual'),
(29051, '401029-PAR-Grp5-WKA-14/1-12:00PM-SM21', 'SM21', 531, 'WKA', 'Thu', 'Parramatta', '13:00:00', 'PS-EB.3.33 (CLS)', 1, 820, 'Casual'),
(29052, '401029-PAR-Grp6-WKA-14/1-12:15PM-SM21', 'SM21', 531, 'WKA', 'Thu', 'Parramatta', '13:15:00', 'PS-EB.3.35 (CLS)', 1, 670, 'Casual'),
(29053, '401029-PAR-Grp7-WKA-14/1-12:30PM-SM21', 'SM21', 531, 'WKA', 'Thu', 'Parramatta', '13:30:00', 'PS-EB.3.36 (CLS)', 1, 665, 'Casual'),
(29054, '401029-PAR-Grp8-WKA-14/1-12:45PM-SM21', 'SM21', 531, 'WKA', 'Thu', 'Parramatta', '13:45:00', 'PS-EB.3.37 (CLS)', 1, 691, 'Casual'),
(29055, '401029-PAR-Grp1-CPU-14/1-10:00AM-SM21', 'SM21', 531, 'SK', 'Thu', 'Parramatta', '10:00:00', 'PS-EB.1.02', 3, 720, 'Casual'),
(29056, '401029-PAR-Grp2-CPU-14/1-10:15AM-SM21', 'SM21', 531, 'SK', 'Thu', 'Parramatta', '10:15:00', 'PS-EB.1.04', 3, 678, 'Casual'),
(29057, '401029-PAR-Grp3-CPU-14/1-10:30AM-SM21', 'SM21', 531, 'SK', 'Thu', 'Parramatta', '10:30:00', 'PS-EB.1.05', 3, 671, 'Casual'),
(29058, '401029-PAR-Grp4-CPU-14/1-10:45AM-SM21', 'SM21', 531, 'SK', 'Thu', 'Parramatta', '10:45:00', 'PS-EB.1.07', 3, 691, 'Casual'),
(29059, '401029-PAR-Grp5-CPU-14/1-02:00PM-SM21', 'SM21', 531, 'SK', 'Thu', 'Parramatta', '14:00:00', 'PS-EB.1.02', 3, 820, 'Casual'),
(29060, '401029-PAR-Grp6-CPU-14/1-02:15PM-SM21', 'SM21', 531, 'SK', 'Thu', 'Parramatta', '14:15:00', 'PS-EB.1.04', 3, 670, 'Casual'),
(29061, '401029-PAR-Grp7-CPU-14/1-02:30PM-SM21', 'SM21', 531, 'SK', 'Thu', 'Parramatta', '14:30:00', 'PS-EB.1.05', 3, 665, 'Casual'),
(29062, '401029-PAR-Grp8-CPU-14/1-02:45PM-SM21', 'SM21', 531, 'SK', 'Thu', 'Parramatta', '14:45:00', 'PS-EB.1.07', 3, 691, 'Casual'),
(29063, '401029-PAR-Grp5-TU-14/1-10:00AM-SM21', 'SM21', 531, 'TU', 'Thu', 'Parramatta', '10:00:00', 'PS-EB.3.33 (CLS)', 2, 820, 'Casual'),
(29064, '401029-PAR-Grp6-TU-14/1-10:15AM-SM21', 'SM21', 531, 'TU', 'Thu', 'Parramatta', '10:15:00', 'PS-EB.3.35 (CLS)', 2, 745, 'Casual'),
(29065, '401029-PAR-Grp7-TU-14/1-10:30AM-SM21', 'SM21', 531, 'TU', 'Thu', 'Parramatta', '10:30:00', 'PS-EB.3.36 (CLS)', 2, 805, 'Casual'),
(29066, '401029-PAR-Grp8-TU-14/1-10:45AM-SM21', 'SM21', 531, 'TU', 'Thu', 'Parramatta', '10:45:00', 'PS-EB.3.37 (CLS)', 2, 742, 'Casual'),
(29067, '401029-PAR-Grp1-TU-14/1-02:00PM-SM21', 'SM21', 531, 'TU', 'Thu', 'Parramatta', '14:00:00', 'PS-EB.3.33 (CLS)', 2, 805, 'Casual'),
(29068, '401029-PAR-Grp2-TU-14/1-02:15PM-SM21', 'SM21', 531, 'TU', 'Thu', 'Parramatta', '14:15:00', 'PS-EB.3.35 (CLS)', 2, 745, 'Casual'),
(29069, '401029-PAR-Grp3-TU-14/1-02:30PM-SM21', 'SM21', 531, 'TU', 'Thu', 'Parramatta', '14:30:00', 'PS-EB.3.36 (CLS)', 2, 833, 'Casual'),
(29070, '401029-PAR-Grp4-TU-14/1-02:45PM-SM21', 'SM21', 531, 'TU', 'Thu', 'Parramatta', '14:45:00', 'PS-EB.3.37 (CLS)', 2, 742, 'Casual'),
(29071, '401029-PAR-Grp1-TU-15/1-10:00AM-SM21', 'SM21', 531, 'TU', 'Fri', 'Parramatta', '10:00:00', 'PS-EB.3.33 (CLS)', 2, 720, 'Casual'),
(29072, '401029-PAR-Grp2-TU-15/1-10:15AM-SM21', 'SM21', 531, 'TU', 'Fri', 'Parramatta', '10:15:00', 'PS-EB.3.35 (CLS)', 2, 718, 'Casual'),
(29073, '401029-PAR-Grp3-TU-15/1-10:30AM-SM21', 'SM21', 531, 'TU', 'Fri', 'Parramatta', '10:30:00', 'PS-EB.3.36 (CLS)', 2, 833, 'Casual'),
(29074, '401029-PAR-Grp4-TU-15/1-10:45AM-SM21', 'SM21', 531, 'TU', 'Fri', 'Parramatta', '10:45:00', 'PS-EB.3.37 (CLS)', 2, 675, 'Casual'),
(29075, '401029-PAR-Grp5-TU-15/1-02:00PM-SM21', 'SM21', 531, 'TU', 'Fri', 'Parramatta', '14:00:00', 'PS-EB.3.33 (CLS)', 2, 718, 'Casual'),
(29076, '401029-PAR-Grp6-TU-15/1-02:15PM-SM21', 'SM21', 531, 'TU', 'Fri', 'Parramatta', '14:15:00', 'PS-EB.3.35 (CLS)', 2, 720, 'Casual'),
(29077, '401029-PAR-Grp7-TU-15/1-02:30PM-SM21', 'SM21', 531, 'TU', 'Fri', 'Parramatta', '14:30:00', 'PS-EB.3.36 (CLS)', 2, 833, 'Casual'),
(29078, '401029-PAR-Grp8-TU-15/1-02:45PM-SM21', 'SM21', 531, 'TU', 'Fri', 'Parramatta', '14:45:00', 'PS-EB.3.37 (CLS)', 2, 675, 'Casual'),
(29079, '401029-PAR-Grp5-WKA-15/1-09:00AM-SM21', 'SM21', 531, 'WKA', 'Fri', 'Parramatta', '09:00:00', 'PS-EB.3.33 (CLS)', 1, 820, 'Casual'),
(29080, '401029-PAR-Grp6-WKA-15/1-09:15AM-SM21', 'SM21', 531, 'WKA', 'Fri', 'Parramatta', '09:15:00', 'PS-EB.3.35 (CLS)', 1, 670, 'Casual'),
(29081, '401029-PAR-Grp7-WKA-15/1-09:30AM-SM21', 'SM21', 531, 'WKA', 'Fri', 'Parramatta', '09:30:00', 'PS-EB.3.36 (CLS)', 1, 678, 'Casual'),
(29082, '401029-PAR-Grp8-WKA-15/1-09:45AM-SM21', 'SM21', 531, 'WKA', 'Fri', 'Parramatta', '09:45:00', 'PS-EB.3.37 (CLS)', 1, 691, 'Casual'),
(29083, '401029-PAR-Grp1-WKA-15/1-12:00PM-SM21', 'SM21', 531, 'WKA', 'Fri', 'Parramatta', '13:00:00', 'PS-EB.3.33 (CLS)', 1, 720, 'Casual'),
(29084, '401029-PAR-Grp2-WKA-15/1-12:15PM-SM21', 'SM21', 531, 'WKA', 'Fri', 'Parramatta', '13:15:00', 'PS-EB.3.35 (CLS)', 1, 665, 'Casual'),
(29085, '401029-PAR-Grp3-WKA-15/1-12:30PM-SM21', 'SM21', 531, 'WKA', 'Fri', 'Parramatta', '13:30:00', 'PS-EB.3.36 (CLS)', 1, 671, 'Casual'),
(29086, '401029-PAR-Grp4-WKA-15/1-12:45PM-SM21', 'SM21', 531, 'WKA', 'Fri', 'Parramatta', '13:45:00', 'PS-EB.3.37 (CLS)', 1, 774, 'Casual'),
(29087, '401029-PAR-Grp5-CPU-15/1-10:00AM-SM21', 'SM21', 531, 'SK', 'Fri', 'Parramatta', '10:00:00', 'PS-EB.1.02', 3, 820, 'Casual'),
(29088, '401029-PAR-Grp6-CPU-15/1-10:15AM-SM21', 'SM21', 531, 'SK', 'Fri', 'Parramatta', '10:15:00', 'PS-EB.1.04', 3, 670, 'Casual'),
(29089, '401029-PAR-Grp7-CPU-15/1-10:30AM-SM21', 'SM21', 531, 'SK', 'Fri', 'Parramatta', '10:30:00', 'PS-EB.1.05', 3, 678, 'Casual'),
(29090, '401029-PAR-Grp8-CPU-15/1-10:45AM-SM21', 'SM21', 531, 'SK', 'Fri', 'Parramatta', '10:45:00', 'PS-EB.1.07', 3, 691, 'Casual'),
(29091, '401029-PAR-Grp1-CPU-15/1-02:00PM-SM21', 'SM21', 531, 'SK', 'Fri', 'Parramatta', '14:00:00', 'PS-EB.1.02', 3, 670, 'Casual'),
(29092, '401029-PAR-Grp2-CPU-15/1-02:15PM-SM21', 'SM21', 531, 'SK', 'Fri', 'Parramatta', '14:15:00', 'PS-EB.1.04', 3, 665, 'Casual'),
(29093, '401029-PAR-Grp3-CPU-15/1-02:30PM-SM21', 'SM21', 531, 'SK', 'Fri', 'Parramatta', '14:30:00', 'PS-EB.1.05', 3, 671, 'Casual'),
(29094, '401029-PAR-Grp4-CPU-15/1-02:45PM-SM21', 'SM21', 531, 'SK', 'Fri', 'Parramatta', '14:45:00', 'PS-EB.1.07', 3, 774, 'Casual'),
(29095, '401029-PAR-Grp1&2-TU-18/1-09:00AM-SM21', 'SM21', 531, 'TU', 'Mon', 'Parramatta', '09:00:00', 'Zoom', 2, 805, 'Casual'),
(29096, '401029-PAR-Grp3&4-TU-18/1-09:00AM-SM21', 'SM21', 531, 'TU', 'Mon', 'Parramatta', '09:00:00', 'Zoom', 2, 707, 'Casual'),
(29097, '401029-PAR-Grp5&6-TU-18/1-12:00PM-SM21', 'SM21', 531, 'TU', 'Mon', 'Parramatta', '12:00:00', 'Zoom', 2, 805, 'Casual'),
(29098, '401029-PAR-Grp7&8-TU-18/1-12:00PM-SM21', 'SM21', 531, 'TU', 'Mon', 'Parramatta', '12:00:00', 'Zoom', 2, 707, 'Casual'),
(29099, '401029-PAR-Grp1&2-TU-19/1-09:00AM-SM21', 'SM21', 531, 'TU', 'Tue', 'Parramatta', '09:00:00', 'Zoom', 2, 805, 'Casual'),
(29100, '401029-PAR-Grp3&4-TU-19/1-09:00AM-SM21', 'SM21', 531, 'TU', 'Tue', 'Parramatta', '09:00:00', 'Zoom', 2, 707, 'Casual'),
(29101, '401029-PAR-Grp5&6-TU-19/1-12:00PM-SM21', 'SM21', 531, 'TU', 'Tue', 'Parramatta', '12:00:00', 'Zoom', 2, 805, 'Casual'),
(29102, '401029-PAR-Grp7&8-TU-19/1-12:00PM-SM21', 'SM21', 531, 'TU', 'Tue', 'Parramatta', '12:00:00', 'Zoom', 2, 707, 'Casual'),
(29103, '401029-PAR-Grp1&2-TU-19/1-12:00PM-SM21', 'SM21', 531, 'TU', 'Tue', 'Parramatta', '12:00:00', 'Zoom', 2, 820, 'Casual'),
(29104, '401029-PAR-Grp3&4-TU-19/1-12:00PM-SM21', 'SM21', 531, 'TU', 'Tue', 'Parramatta', '12:00:00', 'Zoom', 2, 838, 'Casual'),
(29105, '401029-PAR-Grp5&6-TU-19/1-09:00AM-SM21', 'SM21', 531, 'TU', 'Tue', 'Parramatta', '09:00:00', 'Zoom', 2, 745, 'Casual'),
(29106, '401029-PAR-Grp7&8-TU-19/1-09:00AM-SM21', 'SM21', 531, 'TU', 'Tue', 'Parramatta', '09:00:00', 'Zoom', 2, 838, 'Casual'),
(29107, '401029-PAR-Grp1-WKA-20/1-08:00AM-SM21', 'SM21', 531, 'WKA', 'Wed', 'Parramatta', '08:00:00', 'PS-EB.3.33 (CLS)', 1, 720, 'Casual'),
(29108, '401029-PAR-Grp2-WKA-20/1-08:15AM-SM21', 'SM21', 531, 'WKA', 'Wed', 'Parramatta', '08:15:00', 'PS-EB.3.35 (CLS)', 1, 675, 'Casual'),
(29109, '401029-PAR-Grp3-WKA-20/1-08:30AM-SM21', 'SM21', 531, 'WKA', 'Wed', 'Parramatta', '08:30:00', 'PS-EB.3.36 (CLS)', 1, 671, 'Casual'),
(29110, '401029-PAR-Grp4-WKA-20/1-08:45AM-SM21', 'SM21', 531, 'WKA', 'Wed', 'Parramatta', '08:45:00', 'PS-EB.3.37 (CLS)', 1, 660, 'Casual'),
(29111, '401029-PAR-Grp5-WKA-20/1-01:00PM-SM21', 'SM21', 531, 'WKA', 'Wed', 'Parramatta', '13:00:00', 'PS-EB.3.33 (CLS)', 1, 774, 'Casual'),
(29112, '401029-PAR-Grp6-WKA-20/1-01:15PM-SM21', 'SM21', 531, 'WKA', 'Wed', 'Parramatta', '13:15:00', 'PS-EB.3.35 (CLS)', 1, 670, 'Casual'),
(29113, '401029-PAR-Grp7-WKA-20/1-01:30PM-SM21', 'SM21', 531, 'WKA', 'Wed', 'Parramatta', '13:30:00', 'PS-EB.3.36 (CLS)', 1, 660, 'Casual'),
(29114, '401029-PAR-Grp8-WKA-20/1-01:45PM-SM21', 'SM21', 531, 'WKA', 'Wed', 'Parramatta', '13:45:00', 'PS-EB.3.37 (CLS)', 1, 691, 'Casual'),
(29115, '401029-PAR-Grp1-CPU-20/1-09:00AM-SM21', 'SM21', 531, 'SK', 'Wed', 'Parramatta', '09:00:00', 'PS-EB.1.02', 3, 720, 'Casual'),
(29116, '401029-PAR-Grp2-CPU-20/1-09:15AM-SM21', 'SM21', 531, 'SK', 'Wed', 'Parramatta', '09:15:00', 'PS-EB.1.04', 3, 675, 'Casual'),
(29117, '401029-PAR-Grp3-CPU-20/1-09:30AM-SM21', 'SM21', 531, 'SK', 'Wed', 'Parramatta', '09:30:00', 'PS-EB.1.05', 3, 671, 'Casual'),
(29118, '401029-PAR-Grp4-CPU-20/1-09:45AM-SM21', 'SM21', 531, 'SK', 'Wed', 'Parramatta', '09:45:00', 'PS-EB.1.07', 3, 660, 'Casual'),
(29119, '401029-PAR-Grp5-CPU-20/1-02:00PM-SM21', 'SM21', 531, 'SK', 'Wed', 'Parramatta', '14:00:00', 'PS-EB.1.02', 3, 774, 'Casual'),
(29120, '401029-PAR-Grp6-CPU-20/1-02:15PM-SM21', 'SM21', 531, 'SK', 'Wed', 'Parramatta', '14:15:00', 'PS-EB.1.04', 3, 670, 'Casual'),
(29121, '401029-PAR-Grp7-CPU-20/1-02:30PM-SM21', 'SM21', 531, 'SK', 'Wed', 'Parramatta', '14:30:00', 'PS-EB.1.05', 3, 660, 'Casual'),
(29122, '401029-PAR-Grp8-CPU-20/1-02:45PM-SM21', 'SM21', 531, 'SK', 'Wed', 'Parramatta', '14:45:00', 'PS-EB.1.07', 3, 691, 'Casual'),
(29123, '401029-PAR-Grp1-TU-21/1-10:00AM-SM21', 'SM21', 531, 'TU', 'Thu', 'Parramatta', '10:00:00', 'PS-EB.3.33 (CLS)', 2, 805, 'Casual'),
(29124, '401029-PAR-Grp2-TU-21/1-10:15AM-SM21', 'SM21', 531, 'TU', 'Thu', 'Parramatta', '10:15:00', 'PS-EB.3.35 (CLS)', 2, 745, 'Casual'),
(29125, '401029-PAR-Grp3-TU-21/1-10:30AM-SM21', 'SM21', 531, 'TU', 'Thu', 'Parramatta', '10:30:00', 'PS-EB.3.36 (CLS)', 2, 833, 'Casual'),
(29126, '401029-PAR-Grp4-TU-21/1-10:45AM-SM21', 'SM21', 531, 'TU', 'Thu', 'Parramatta', '10:45:00', 'PS-EB.3.37 (CLS)', 2, 742, 'Casual'),
(29127, '401029-PAR-Grp5-TU-21/1-02:00PM-SM21', 'SM21', 531, 'TU', 'Thu', 'Parramatta', '14:00:00', 'PS-EB.3.33 (CLS)', 2, 820, 'Casual'),
(29128, '401029-PAR-Grp6-TU-21/1-02:15PM-SM21', 'SM21', 531, 'TU', 'Thu', 'Parramatta', '14:15:00', 'PS-EB.3.35 (CLS)', 2, 745, 'Casual'),
(29129, '401029-PAR-Grp7-TU-21/1-02:30PM-SM21', 'SM21', 531, 'TU', 'Thu', 'Parramatta', '14:30:00', 'PS-EB.3.36 (CLS)', 2, 805, 'Casual'),
(29130, '401029-PAR-Grp8-TU-21/1-02:45PM-SM21', 'SM21', 531, 'TU', 'Thu', 'Parramatta', '14:45:00', 'PS-EB.3.37 (CLS)', 2, 742, 'Casual'),
(29131, '401029-PAR-Grp5-WKA-21/1-09:00AM-SM21', 'SM21', 531, 'WKA', 'Thu', 'Parramatta', '09:00:00', 'PS-EB.3.33 (CLS)', 1, 820, 'Casual'),
(29132, '401029-PAR-Grp6-WKA-21/1-09:15AM-SM21', 'SM21', 531, 'WKA', 'Thu', 'Parramatta', '09:15:00', 'PS-EB.3.35 (CLS)', 1, 670, 'Casual'),
(29133, '401004-CAM-Grp1&2-WKa-1-10:00AM-SM21', 'SM21', 437, 'WKa', 'Wed', 'Campbelltown', '10:00:00', 'Zoom', 1, 724, 'Casual'),
(29134, '401004-CAM-Grp1&2-WKa-2-12:00PM-SM21', 'SM21', 437, 'WKa', 'Wed', 'Campbelltown', '12:00:00', 'Zoom', 1, 724, 'Casual'),
(29135, '401004-CAM-Grp3&4-WKa-1-10:00AM-SM21', 'SM21', 437, 'WKa', 'Wed', 'Campbelltown', '10:00:00', 'Zoom', 1, 726, 'Casual'),
(29136, '401004-CAM-Grp3&4-WKa-2-12:00PM-SM21', 'SM21', 437, 'WKa', 'Wed', 'Campbelltown', '12:00:00', 'Zoom', 1, 726, 'Casual'),
(29137, '401029-PAR-Grp7-WKA-21/1-09:30AM-SM21', 'SM21', 531, 'WKA', 'Thu', 'Parramatta', '09:30:00', 'PS-EB.3.36 (CLS)', 1, 729, 'Casual'),
(29138, '401029-PAR-Grp8-WKA-21/1-09:45AM-SM21', 'SM21', 531, 'WKA', 'Thu', 'Parramatta', '09:45:00', 'PS-EB.3.37 (CLS)', 1, 691, 'Casual'),
(29139, '401029-PAR-Grp1-WKA-21/1-12:00PM-SM21', 'SM21', 531, 'WKA', 'Thu', 'Parramatta', '13:00:00', 'PS-EB.3.33 (CLS)', 1, 720, 'Casual'),
(29140, '401029-PAR-Grp2-WKA-21/1-12:15PM-SM21', 'SM21', 531, 'WKA', 'Thu', 'Parramatta', '13:15:00', 'PS-EB.3.35 (CLS)', 1, 774, 'Casual'),
(29141, '401029-PAR-Grp3-WKA-21/1-12:30PM-SM21', 'SM21', 531, 'WKA', 'Thu', 'Parramatta', '13:30:00', 'PS-EB.3.36 (CLS)', 1, 671, 'Casual'),
(29142, '401029-PAR-Grp4-WKA-21/1-12:45PM-SM21', 'SM21', 531, 'WKA', 'Thu', 'Parramatta', '13:45:00', 'PS-EB.3.37 (CLS)', 1, 660, 'Casual'),
(29143, '401029-PAR-Grp5-CPU-21/1-10:00AM-SM21', 'SM21', 531, 'SK', 'Thu', 'Parramatta', '10:00:00', 'PS-EB.1.02', 3, 820, 'Casual'),
(29144, '401029-PAR-Grp6-CPU-21/1-10:15AM-SM21', 'SM21', 531, 'SK', 'Thu', 'Parramatta', '10:15:00', 'PS-EB.1.04', 3, 670, 'Casual'),
(29145, '401029-PAR-Grp7-CPU-21/1-10:30AM-SM21', 'SM21', 531, 'SK', 'Thu', 'Parramatta', '10:30:00', 'PS-EB.1.05', 3, 729, 'Casual'),
(29146, '401029-PAR-Grp8-CPU-21/1-10:45AM-SM21', 'SM21', 531, 'SK', 'Thu', 'Parramatta', '10:45:00', 'PS-EB.1.07', 3, 691, 'Casual'),
(29147, '401029-PAR-Grp1-CPU-21/1-02:00PM-SM21', 'SM21', 531, 'SK', 'Thu', 'Parramatta', '14:00:00', 'PS-EB.1.02', 3, 720, 'Casual'),
(29148, '401029-PAR-Grp2-CPU-21/1-02:15PM-SM21', 'SM21', 531, 'SK', 'Thu', 'Parramatta', '14:15:00', 'PS-EB.1.04', 3, 774, 'Casual'),
(29149, '401029-PAR-Grp3-CPU-21/1-02:30PM-SM21', 'SM21', 531, 'SK', 'Thu', 'Parramatta', '14:30:00', 'PS-EB.1.05', 3, 671, 'Casual'),
(29150, '401029-PAR-Grp4-CPU-21/1-02:45PM-SM21', 'SM21', 531, 'SK', 'Thu', 'Parramatta', '14:45:00', 'PS-EB.1.07', 3, 660, 'Casual'),
(29151, '401029-PAR-Grp1-TU-22/1-10:00AM-SM21', 'SM21', 531, 'TU', 'Fri', 'Parramatta', '10:00:00', 'PS-EB.3.33 (CLS)', 2, 720, 'Casual'),
(29152, '401029-PAR-Grp2-TU-22/1-10:15AM-SM21', 'SM21', 531, 'TU', 'Fri', 'Parramatta', '10:15:00', 'PS-EB.3.35 (CLS)', 2, 718, 'Casual'),
(29153, '401029-PAR-Grp3-TU-22/1-10:30AM-SM21', 'SM21', 531, 'TU', 'Fri', 'Parramatta', '10:30:00', 'PS-EB.3.36 (CLS)', 2, 833, 'Casual'),
(29154, '401029-PAR-Grp4-TU-22/1-10:45AM-SM21', 'SM21', 531, 'TU', 'Fri', 'Parramatta', '10:45:00', 'PS-EB.3.37 (CLS)', 2, 675, 'Casual'),
(29155, '401029-PAR-Grp5-TU-22/1-02:00PM-SM21', 'SM21', 531, 'TU', 'Fri', 'Parramatta', '14:00:00', 'PS-EB.3.33 (CLS)', 2, 718, 'Casual'),
(29156, '401029-PAR-Grp6-TU-22/1-02:15PM-SM21', 'SM21', 531, 'TU', 'Fri', 'Parramatta', '14:15:00', 'PS-EB.3.35 (CLS)', 2, 720, 'Casual'),
(29157, '401029-PAR-Grp7-TU-22/1-02:30PM-SM21', 'SM21', 531, 'TU', 'Fri', 'Parramatta', '14:30:00', 'PS-EB.3.36 (CLS)', 2, 833, 'Casual'),
(29158, '401029-PAR-Grp8-TU-22/1-02:45PM-SM21', 'SM21', 531, 'TU', 'Fri', 'Parramatta', '14:45:00', 'PS-EB.3.37 (CLS)', 2, 675, 'Casual'),
(29159, '401029-PAR-Grp5-WKA-22/1-09:00AM-SM21', 'SM21', 531, 'WKA', 'Fri', 'Parramatta', '09:00:00', 'PS-EB.3.33 (CLS)', 1, 820, 'Casual'),
(29160, '401029-PAR-Grp6-WKA-22/1-09:15AM-SM21', 'SM21', 531, 'WKA', 'Fri', 'Parramatta', '09:15:00', 'PS-EB.3.35 (CLS)', 1, 670, 'Casual'),
(29161, '401029-PAR-Grp7-WKA-22/1-09:30AM-SM21', 'SM21', 531, 'WKA', 'Fri', 'Parramatta', '09:30:00', 'PS-EB.3.36 (CLS)', 1, 729, 'Casual'),
(29162, '401029-PAR-Grp8-WKA-22/1-09:45AM-SM21', 'SM21', 531, 'WKA', 'Fri', 'Parramatta', '09:45:00', 'PS-EB.3.37 (CLS)', 1, 691, 'Casual'),
(29163, '401029-PAR-Grp1-WKA-22/1-12:00PM-SM21', 'SM21', 531, 'WKA', 'Fri', 'Parramatta', '13:00:00', 'PS-EB.3.33 (CLS)', 1, 720, 'Casual'),
(29164, '401029-PAR-Grp2-WKA-22/1-1:15PM-SM21', 'SM21', 531, 'WKA', 'Fri', 'Parramatta', '13:15:00', 'PS-EB.3.35 (CLS)', 1, 774, 'Casual'),
(29165, '401029-PAR-Grp3-WKA-22/1-12:30PM-SM21', 'SM21', 531, 'WKA', 'Fri', 'Parramatta', '13:30:00', 'PS-EB.3.36 (CLS)', 1, 671, 'Casual'),
(29166, '401029-PAR-Grp4-WKA-22/1-12:45PM-SM21', 'SM21', 531, 'WKA', 'Fri', 'Parramatta', '13:45:00', 'PS-EB.3.37 (CLS)', 1, 660, 'Casual'),
(29167, '401029-PAR-Grp5-CPU-22/1-10:00AM-SM21', 'SM21', 531, 'SK', 'Fri', 'Parramatta', '10:00:00', 'PS-EB.1.02', 3, 820, 'Casual'),
(29168, '401029-PAR-Grp6-CPU-22/1-10:15AM-SM21', 'SM21', 531, 'SK', 'Fri', 'Parramatta', '10:15:00', 'PS-EB.1.04', 3, 670, 'Casual'),
(29169, '401029-PAR-Grp7-CPU-22/1-10:30AM-SM21', 'SM21', 531, 'SK', 'Fri', 'Parramatta', '10:30:00', 'PS-EB.1.05', 3, 729, 'Casual'),
(29170, '401029-PAR-Grp8-CPU-22/1-10:45AM-SM21', 'SM21', 531, 'SK', 'Fri', 'Parramatta', '10:45:00', 'PS-EB.1.07', 3, 691, 'Casual'),
(29171, '401029-PAR-Grp1-CPU-22/1-02:00PM-SM21', 'SM21', 531, 'SK', 'Fri', 'Parramatta', '14:00:00', 'PS-EB.1.02', 3, 670, 'Casual'),
(29172, '401029-PAR-Grp2-CPU-22/1-02:15PM-SM21', 'SM21', 531, 'SK', 'Fri', 'Parramatta', '14:15:00', 'PS-EB.1.04', 3, 774, 'Casual'),
(29173, '401029-PAR-Grp3-CPU-22/1-02:30PM-SM21', 'SM21', 531, 'SK', 'Fri', 'Parramatta', '14:30:00', 'PS-EB.1.05', 3, 671, 'Casual'),
(29174, '401029-PAR-Grp4-CPU-22/1-02:45PM-SM21', 'SM21', 531, 'SK', 'Fri', 'Parramatta', '14:45:00', 'PS-EB.1.07', 3, 660, 'Casual'),
(29175, '401029-PAR-Grp1&2-TU-27/1-09:00AM-SM21', 'SM21', 531, 'TU', 'Wed', 'Parramatta', '09:00:00', 'Zoom', 2, 805, 'Casual'),
(29176, '401029-PAR-Grp3&4-TU-27/1-09:00AM-SM21', 'SM21', 531, 'TU', 'Wed', 'Parramatta', '09:00:00', 'Zoom', 2, 707, 'Casual'),
(29177, '401029-PAR-Grp5&6-TU-27/1-12:00PM-SM21', 'SM21', 531, 'TU', 'Wed', 'Parramatta', '12:00:00', 'Zoom', 2, 805, 'Casual'),
(29178, '401029-PAR-Grp7&8-TU-27/1-12:00PM-SM21', 'SM21', 531, 'TU', 'Wed', 'Parramatta', '12:00:00', 'Zoom', 2, 707, 'Casual'),
(29179, '401029-PAR-Grp1-TU-28/1-10:00AM-SM21', 'SM21', 531, 'TU', 'Thu', 'Parramatta', '10:00:00', 'PS-EB.3.33 (CLS)', 2, 805, 'Casual'),
(29180, '401029-PAR-Grp2-TU-28/1-10:15AM-SM21', 'SM21', 531, 'TU', 'Thu', 'Parramatta', '10:15:00', 'PS-EB.3.35 (CLS)', 2, 745, 'Casual'),
(29181, '401029-PAR-Grp3-TU-28/1-10:30AM-SM21', 'SM21', 531, 'TU', 'Thu', 'Parramatta', '10:30:00', 'PS-EB.3.36 (CLS)', 2, 833, 'Casual'),
(29182, '401029-PAR-Grp4-TU-28/1-10:45AM-SM21', 'SM21', 531, 'TU', 'Thu', 'Parramatta', '10:45:00', 'PS-EB.3.37 (CLS)', 2, 742, 'Casual'),
(29183, '401029-PAR-Grp5-TU-28/1-02:00PM-SM21', 'SM21', 531, 'TU', 'Thu', 'Parramatta', '14:00:00', 'PS-EB.3.33 (CLS)', 2, 820, 'Casual'),
(29184, '401029-PAR-Grp6-TU-28/1-02:15PM-SM21', 'SM21', 531, 'TU', 'Thu', 'Parramatta', '14:15:00', 'PS-EB.3.35 (CLS)', 2, 745, 'Casual'),
(29185, '401029-PAR-Grp7-TU-28/1-02:30PM-SM21', 'SM21', 531, 'TU', 'Thu', 'Parramatta', '14:30:00', 'PS-EB.3.36 (CLS)', 2, 805, 'Casual'),
(29186, '401029-PAR-Grp8-TU-28/1-02:45PM-SM21', 'SM21', 531, 'TU', 'Thu', 'Parramatta', '14:45:00', 'PS-EB.3.37 (CLS)', 2, 833, 'Casual'),
(29187, '401029-PAR-Grp5-WKA-28/1-09:00AM-SM21', 'SM21', 531, 'WKA', 'Thu', 'Parramatta', '09:00:00', 'PS-EB.3.33 (CLS)', 1, 820, 'Casual'),
(29188, '401029-PAR-Grp6-WKA-28/1-09:15AM-SM21', 'SM21', 531, 'WKA', 'Thu', 'Parramatta', '09:15:00', 'PS-EB.3.35 (CLS)', 1, 670, 'Casual'),
(29189, '401029-PAR-Grp7-WKA-28/1-09:30AM-SM21', 'SM21', 531, 'WKA', 'Thu', 'Parramatta', '09:30:00', 'PS-EB.3.36 (CLS)', 1, 729, 'Casual'),
(29190, '401029-PAR-Grp8-WKA-28/1-09:45AM-SM21', 'SM21', 531, 'WKA', 'Thu', 'Parramatta', '09:45:00', 'PS-EB.3.37 (CLS)', 1, 691, 'Casual'),
(29191, '401029-PAR-Grp1-WKA-28/1-12:00PM-SM21', 'SM21', 531, 'WKA', 'Thu', 'Parramatta', '13:00:00', 'PS-EB.3.33 (CLS)', 1, 720, 'Casual'),
(29192, '401029-PAR-Grp2-WKA-28/1-12:15PM-SM21', 'SM21', 531, 'WKA', 'Thu', 'Parramatta', '13:15:00', 'PS-EB.3.35 (CLS)', 1, 774, 'Casual'),
(29193, '401029-PAR-Grp3-WKA-28/1-12:30PM-SM21', 'SM21', 531, 'WKA', 'Thu', 'Parramatta', '13:30:00', 'PS-EB.3.36 (CLS)', 1, 671, 'Casual'),
(29194, '401029-PAR-Grp4-WKA-28/1-12:45PM-SM21', 'SM21', 531, 'WKA', 'Thu', 'Parramatta', '13:45:00', 'PS-EB.3.37 (CLS)', 1, 660, 'Casual'),
(29195, '401029-PAR-Grp5-CPU-28/1-10:00AM-SM21', 'SM21', 531, 'SK', 'Thu', 'Parramatta', '10:00:00', 'PS-EB.1.02', 3, 820, 'Casual'),
(29196, '401029-PAR-Grp6-CPU-28/1-10:15AM-SM21', 'SM21', 531, 'SK', 'Thu', 'Parramatta', '10:15:00', 'PS-EB.1.04', 3, 670, 'Casual'),
(29197, '401029-PAR-Grp7-CPU-28/1-10:30AM-SM21', 'SM21', 531, 'SK', 'Thu', 'Parramatta', '10:30:00', 'PS-EB.1.05', 3, 729, 'Casual'),
(29198, '401029-PAR-Grp8-CPU-28/1-10:45AM-SM21', 'SM21', 531, 'SK', 'Thu', 'Parramatta', '10:45:00', 'PS-EB.1.07', 3, 691, 'Casual'),
(29199, '401029-PAR-Grp1-CPU-28/1-02:00PM-SM21', 'SM21', 531, 'SK', 'Thu', 'Parramatta', '14:00:00', 'PS-EB.1.02', 3, 720, 'Casual'),
(29200, '401029-PAR-Grp2-CPU-28/1-02:15PM-SM21', 'SM21', 531, 'SK', 'Thu', 'Parramatta', '14:15:00', 'PS-EB.1.04', 3, 774, 'Casual'),
(29201, '401029-PAR-Grp3-CPU-28/1-02:30PM-SM21', 'SM21', 531, 'SK', 'Thu', 'Parramatta', '14:30:00', 'PS-EB.1.05', 3, 671, 'Casual'),
(29202, '401029-PAR-Grp4-CPU-28/1-02:45PM-SM21', 'SM21', 531, 'SK', 'Thu', 'Parramatta', '14:45:00', 'PS-EB.1.07', 3, 660, 'Casual'),
(29203, '401029-PAR-Grp1-TU-29/1-02:00PM-SM21', 'SM21', 531, 'TU', 'Fri', 'Parramatta', '14:00:00', 'PS-EB.3.33 (CLS)', 2, 774, 'Casual'),
(29204, '401029-PAR-Grp2-TU-29/1-02:15PM-SM21', 'SM21', 531, 'TU', 'Fri', 'Parramatta', '14:15:00', 'PS-EB.3.35 (CLS)', 2, 718, 'Casual'),
(29205, '401029-PAR-Grp3-TU-29/1-02:30PM-SM21', 'SM21', 531, 'TU', 'Fri', 'Parramatta', '14:30:00', 'PS-EB.3.36 (CLS)', 2, 833, 'Casual'),
(29206, '401029-PAR-Grp4-TU-29/1-02:45PM-SM21', 'SM21', 531, 'TU', 'Fri', 'Parramatta', '14:45:00', 'PS-EB.3.37 (CLS)', 2, 675, 'Casual'),
(29207, '401029-PAR-Grp5-TU-29/1-10:00AM-SM21', 'SM21', 531, 'TU', 'Fri', 'Parramatta', '10:00:00', 'PS-EB.3.33 (CLS)', 2, 718, 'Casual'),
(29208, '401029-PAR-Grp6-TU-29/1-10:15AM-SM21', 'SM21', 531, 'TU', 'Fri', 'Parramatta', '10:15:00', 'PS-EB.3.35 (CLS)', 2, 670, 'Casual'),
(29209, '401029-PAR-Grp7-TU-29/1-10:30AM-SM21', 'SM21', 531, 'TU', 'Fri', 'Parramatta', '10:30:00', 'PS-EB.3.36 (CLS)', 2, 833, 'Casual'),
(29210, '401029-PAR-Grp8-TU-29/1-10:45AM-SM21', 'SM21', 531, 'TU', 'Fri', 'Parramatta', '10:45:00', 'PS-EB.3.37 (CLS)', 2, 675, 'Casual'),
(29211, '401029-PAR-Grp1-WKA-29/1-09:00AM-SM21', 'SM21', 531, 'WKA', 'Fri', 'Parramatta', '09:00:00', 'PS-EB.3.33 (CLS)', 1, 670, 'Casual'),
(29212, '401029-PAR-Grp2-WKA-29/1-09:15AM-SM21', 'SM21', 531, 'WKA', 'Fri', 'Parramatta', '09:15:00', 'PS-EB.3.35 (CLS)', 1, 774, 'Casual'),
(29213, '401029-PAR-Grp3-WKA-29/1-09:30AM-SM21', 'SM21', 531, 'WKA', 'Fri', 'Parramatta', '09:30:00', 'PS-EB.3.36 (CLS)', 1, 671, 'Casual'),
(29214, '401029-PAR-Grp4-WKA-29/1-09:45AM-SM21', 'SM21', 531, 'WKA', 'Fri', 'Parramatta', '09:45:00', 'PS-EB.3.37 (CLS)', 1, 660, 'Casual'),
(29215, '401029-PAR-Grp5-WKA-29/1-12:00PM-SM21', 'SM21', 531, 'WKA', 'Fri', 'Parramatta', '13:00:00', 'PS-EB.3.33 (CLS)', 1, 820, 'Casual'),
(29216, '401029-PAR-Grp6-WKA-29/1-12:15PM-SM21', 'SM21', 531, 'WKA', 'Fri', 'Parramatta', '13:15:00', 'PS-EB.3.35 (CLS)', 1, 670, 'Casual'),
(29217, '401029-PAR-Grp7-WKA-29/1-12:30PM-SM21', 'SM21', 531, 'WKA', 'Fri', 'Parramatta', '13:30:00', 'PS-EB.3.36 (CLS)', 1, 729, 'Casual'),
(29218, '401029-PAR-Grp8-WKA-29/1-12:45PM-SM21', 'SM21', 531, 'WKA', 'Fri', 'Parramatta', '13:45:00', 'PS-EB.3.37 (CLS)', 1, 691, 'Casual'),
(29219, '401029-PAR-Grp1-CPU-29/1-10:00AM-SM21', 'SM21', 531, 'SK', 'Fri', 'Parramatta', '10:00:00', 'PS-EB.1.02', 3, 670, 'Casual'),
(29220, '401029-PAR-Grp2-CPU-29/1-10:15AM-SM21', 'SM21', 531, 'SK', 'Fri', 'Parramatta', '10:15:00', 'PS-EB.1.04', 3, 774, 'Casual'),
(29221, '401029-PAR-Grp3-CPU-29/1-10:30AM-SM21', 'SM21', 531, 'SK', 'Fri', 'Parramatta', '10:30:00', 'PS-EB.1.05', 3, 671, 'Casual'),
(29222, '401029-PAR-Grp4-CPU-29/1-10:45AM-SM21', 'SM21', 531, 'SK', 'Fri', 'Parramatta', '10:45:00', 'PS-EB.1.07', 3, 660, 'Casual'),
(29223, '401029-PAR-Grp5-CPU-29/1-02:00PM-SM21', 'SM21', 531, 'SK', 'Fri', 'Parramatta', '14:00:00', 'PS-EB.1.02', 3, 820, 'Casual'),
(29224, '401029-PAR-Grp6-CPU-29/1-02:15PM-SM21', 'SM21', 531, 'SK', 'Fri', 'Parramatta', '14:15:00', 'PS-EB.1.04', 3, 670, 'Casual'),
(29225, '401029-PAR-Grp7-CPU-29/1-02:30PM-SM21', 'SM21', 531, 'SK', 'Fri', 'Parramatta', '14:30:00', 'PS-EB.1.05', 3, 729, 'Casual'),
(29226, '401029-PAR-Grp8-CPU-29/1-02:45PM-SM21', 'SM21', 531, 'SK', 'Fri', 'Parramatta', '14:45:00', 'PS-EB.1.07', 3, 691, 'Casual'),
(29227, '401029-PAR-Grp1&2-TU-1/2-09:00AM-SM21', 'SM21', 531, 'TU', 'Mon', 'Parramatta', '09:00:00', 'Zoom', 2, 805, 'Casual'),
(29228, '401029-PAR-Grp3&4-TU-1/2-09:00AM-SM21', 'SM21', 531, 'TU', 'Mon', 'Parramatta', '09:00:00', 'Zoom', 2, 707, 'Casual'),
(29229, '401029-PAR-Grp5&6-TU-1/2-12:00PM-SM21', 'SM21', 531, 'TU', 'Mon', 'Parramatta', '12:00:00', 'Zoom', 2, 805, 'Casual'),
(29230, '401029-PAR-Grp7&8-TU-1/2-12:00PM-SM21', 'SM21', 531, 'TU', 'Mon', 'Parramatta', '12:00:00', 'Zoom', 2, 707, 'Casual'),
(29231, '401029-PAR-Grp1&2-TU-2/2-09:00AM-SM21', 'SM21', 531, 'TU', 'Tue', 'Parramatta', '09:00:00', 'Zoom', 2, 805, 'Casual'),
(29232, '401029-PAR-Grp3&4-TU-2/2-09:00AM-SM21', 'SM21', 531, 'TU', 'Tue', 'Parramatta', '09:00:00', 'Zoom', 2, 838, 'Casual'),
(29233, '401029-PAR-Grp5&6-TU-2/2-12:00PM-SM21', 'SM21', 531, 'TU', 'Tue', 'Parramatta', '12:00:00', 'Zoom', 2, 805, 'Casual'),
(29234, '401029-PAR-Grp7&8-TU-2/2-12:00PM-SM21', 'SM21', 531, 'TU', 'Tue', 'Parramatta', '12:00:00', 'Zoom', 2, 838, 'Casual'),
(29235, '401029-PAR-Grp1&2-TU-2/2-12:00PM-SM21', 'SM21', 531, 'TU', 'Tue', 'Parramatta', '12:00:00', 'Zoom', 2, 745, 'Casual'),
(29236, '401029-PAR-Grp3&4-TU-2/2-12:00PM-SM21', 'SM21', 531, 'TU', 'Tue', 'Parramatta', '12:00:00', 'Zoom', 2, 707, 'Casual'),
(29237, '401029-PAR-Grp5&6-TU-2/2-09:00AM-SM21', 'SM21', 531, 'TU', 'Tue', 'Parramatta', '09:00:00', 'Zoom', 2, 745, 'Casual'),
(29238, '401029-PAR-Grp7&8-TU-2/2-09:00AM-SM21', 'SM21', 531, 'TU', 'Tue', 'Parramatta', '09:00:00', 'Zoom', 2, 707, 'Casual'),
(29239, '401029-PAR-Grp1-WKA-3/2-08:00AM-SM21', 'SM21', 531, 'WKA', 'Wed', 'Parramatta', '08:00:00', 'PS-EB.3.33 (CLS)', 1, 720, 'Casual'),
(29240, '401029-PAR-Grp2-WKA-3/2-08:15AM-SM21', 'SM21', 531, 'WKA', 'Wed', 'Parramatta', '08:15:00', 'PS-EB.3.35 (CLS)', 1, 675, 'Casual'),
(29241, '401029-PAR-Grp3-WKA-3/2-08:30AM-SM21', 'SM21', 531, 'WKA', 'Wed', 'Parramatta', '08:30:00', 'PS-EB.3.36 (CLS)', 1, 671, 'Casual'),
(29242, '401029-PAR-Grp4-WKA-3/2-08:45AM-SM21', 'SM21', 531, 'WKA', 'Wed', 'Parramatta', '08:45:00', 'PS-EB.3.37 (CLS)', 1, 660, 'Casual'),
(29243, '401029-PAR-Grp5-WKA-3/2-01:00PM-SM21', 'SM21', 531, 'WKA', 'Wed', 'Parramatta', '13:00:00', 'PS-EB.3.33 (CLS)', 1, 820, 'Casual'),
(29244, '401029-PAR-Grp6-WKA-3/2-01:15PM-SM21', 'SM21', 531, 'WKA', 'Wed', 'Parramatta', '13:15:00', 'PS-EB.3.35 (CLS)', 1, 670, 'Casual'),
(29245, '401029-PAR-Grp7-WKA-3/2-01:30PM-SM21', 'SM21', 531, 'WKA', 'Wed', 'Parramatta', '13:30:00', 'PS-EB.3.36 (CLS)', 1, 729, 'Casual'),
(29246, '401029-PAR-Grp8-WKA-3/2-01:45PM-SM21', 'SM21', 531, 'WKA', 'Wed', 'Parramatta', '13:45:00', 'PS-EB.3.37 (CLS)', 1, 691, 'Casual'),
(29247, '401029-PAR-Grp1-CPU-3/2-09:00AM-SM21', 'SM21', 531, 'SK', 'Wed', 'Parramatta', '09:00:00', 'PS-EB.1.02', 3, 720, 'Casual'),
(29248, '401029-PAR-Grp2-CPU-3/2-09:15AM-SM21', 'SM21', 531, 'SK', 'Wed', 'Parramatta', '09:15:00', 'PS-EB.1.04', 3, 675, 'Casual'),
(29249, '401029-PAR-Grp3-CPU-3/2-09:30AM-SM21', 'SM21', 531, 'SK', 'Wed', 'Parramatta', '09:30:00', 'PS-EB.1.05', 3, 671, 'Casual');
INSERT INTO `timetables` (`id`, `timetable_id`, `session`, `unit_code_id`, `activity_id`, `day`, `campus`, `start_time`, `location`, `hrs_per_week`, `staff_id`, `position_type`) VALUES
(29250, '401029-PAR-Grp4-CPU-3/2-09:45AM-SM21', 'SM21', 531, 'SK', 'Wed', 'Parramatta', '09:45:00', 'PS-EB.1.07', 3, 660, 'Casual'),
(29251, '401029-PAR-Grp5-CPU-3/2-02:00PM-SM21', 'SM21', 531, 'SK', 'Wed', 'Parramatta', '14:00:00', 'PS-EB.1.02', 3, 820, 'Casual'),
(29252, '401029-PAR-Grp6-CPU-3/2-02:15PM-SM21', 'SM21', 531, 'SK', 'Wed', 'Parramatta', '14:15:00', 'PS-EB.1.04', 3, 670, 'Casual'),
(29253, '401029-PAR-Grp7-CPU-3/2-02:30PM-SM21', 'SM21', 531, 'SK', 'Wed', 'Parramatta', '14:30:00', 'PS-EB.1.05', 3, 729, 'Casual'),
(29254, '401029-PAR-Grp8-CPU-3/2-02:45PM-SM21', 'SM21', 531, 'SK', 'Wed', 'Parramatta', '14:45:00', 'PS-EB.1.07', 3, 691, 'Casual'),
(29255, '401029-PAR-Grp1-TU-4/2-10:00AM-SM21', 'SM21', 531, 'TU', 'Thu', 'Parramatta', '10:00:00', 'PS-EB.3.33 (CLS)', 2, 805, 'Casual'),
(29256, '401029-PAR-Grp2-TU-4/2-10:15AM-SM21', 'SM21', 531, 'TU', 'Thu', 'Parramatta', '10:15:00', 'PS-EB.3.35 (CLS)', 2, 745, 'Casual'),
(29257, '401029-PAR-Grp3-TU-4/2-10:30AM-SM21', 'SM21', 531, 'TU', 'Thu', 'Parramatta', '10:30:00', 'PS-EB.3.36 (CLS)', 2, 833, 'Casual'),
(29258, '401029-PAR-Grp4-TU-4/2-10:45AM-SM21', 'SM21', 531, 'TU', 'Thu', 'Parramatta', '10:45:00', 'PS-EB.3.37 (CLS)', 2, 742, 'Casual'),
(29259, '401029-PAR-Grp5-TU-4/2-02:00PM-SM21', 'SM21', 531, 'TU', 'Thu', 'Parramatta', '14:00:00', 'PS-EB.3.33 (CLS)', 2, 820, 'Casual'),
(29260, '401029-PAR-Grp6-TU-4/2-02:15PM-SM21', 'SM21', 531, 'TU', 'Thu', 'Parramatta', '14:15:00', 'PS-EB.3.35 (CLS)', 2, 745, 'Casual'),
(29261, '401029-PAR-Grp7-TU-4/2-02:30PM-SM21', 'SM21', 531, 'TU', 'Thu', 'Parramatta', '14:30:00', 'PS-EB.3.36 (CLS)', 2, 805, 'Casual'),
(29262, '401029-PAR-Grp8-TU-4/2-02:45PM-SM21', 'SM21', 531, 'TU', 'Thu', 'Parramatta', '14:45:00', 'PS-EB.3.37 (CLS)', 2, 833, 'Casual'),
(29263, '401029-PAR-Grp5-WKA-4/2-09:00AM-SM21', 'SM21', 531, 'WKA', 'Thu', 'Parramatta', '09:00:00', 'PS-EB.3.33 (CLS)', 1, 820, 'Casual'),
(29264, '401029-PAR-Grp6-WKA-4/2-09:15AM-SM21', 'SM21', 531, 'WKA', 'Thu', 'Parramatta', '09:15:00', 'PS-EB.3.35 (CLS)', 1, 670, 'Casual'),
(29265, '401029-PAR-Grp7-WKA-4/2-09:30AM-SM21', 'SM21', 531, 'WKA', 'Thu', 'Parramatta', '09:30:00', 'PS-EB.3.36 (CLS)', 1, 729, 'Casual'),
(29266, '401029-PAR-Grp8-WKA-4/2-09:45AM-SM21', 'SM21', 531, 'WKA', 'Thu', 'Parramatta', '09:45:00', 'PS-EB.3.37 (CLS)', 1, 691, 'Casual'),
(29267, '401029-PAR-Grp1-WKA-4/2-12:00PM-SM21', 'SM21', 531, 'WKA', 'Thu', 'Parramatta', '13:00:00', 'PS-EB.3.33 (CLS)', 1, 720, 'Casual'),
(29268, '401029-PAR-Grp2-WKA-4/2-12:15PM-SM21', 'SM21', 531, 'WKA', 'Thu', 'Parramatta', '13:15:00', 'PS-EB.3.35 (CLS)', 1, 745, 'Casual'),
(29269, '401029-PAR-Grp3-WKA-4/2-12:30PM-SM21', 'SM21', 531, 'WKA', 'Thu', 'Parramatta', '13:30:00', 'PS-EB.3.36 (CLS)', 1, 671, 'Casual'),
(29270, '401029-PAR-Grp4-WKA-4/2-12:45PM-SM21', 'SM21', 531, 'WKA', 'Thu', 'Parramatta', '13:45:00', 'PS-EB.3.37 (CLS)', 1, 660, 'Casual'),
(29271, '401029-PAR-Grp5-CPU-4/2-10:00AM-SM21', 'SM21', 531, 'SK', 'Thu', 'Parramatta', '10:00:00', 'PS-EB.1.02', 3, 820, 'Casual'),
(29272, '401029-PAR-Grp6-CPU-4/2-10:15AM-SM21', 'SM21', 531, 'SK', 'Thu', 'Parramatta', '10:15:00', 'PS-EB.1.04', 3, 670, 'Casual'),
(29273, '401029-PAR-Grp7-CPU-4/2-10:30AM-SM21', 'SM21', 531, 'SK', 'Thu', 'Parramatta', '10:30:00', 'PS-EB.1.05', 3, 729, 'Casual'),
(29274, '401029-PAR-Grp8-CPU-4/2-10:45AM-SM21', 'SM21', 531, 'SK', 'Thu', 'Parramatta', '10:45:00', 'PS-EB.1.07', 3, 691, 'Casual'),
(29275, '401029-PAR-Grp1-CPU-4/2-02:00PM-SM21', 'SM21', 531, 'SK', 'Thu', 'Parramatta', '14:00:00', 'PS-EB.1.02', 3, 720, 'Casual'),
(29276, '401029-PAR-Grp2-CPU-4/2-02:15PM-SM21', 'SM21', 531, 'SK', 'Thu', 'Parramatta', '14:15:00', 'PS-EB.1.04', 3, 691, 'Casual'),
(29277, '401029-PAR-Grp3-CPU-4/2-02:30PM-SM21', 'SM21', 531, 'SK', 'Thu', 'Parramatta', '14:30:00', 'PS-EB.1.05', 3, 671, 'Casual'),
(29278, '401029-PAR-Grp4-CPU-4/2-02:45PM-SM21', 'SM21', 531, 'SK', 'Thu', 'Parramatta', '14:45:00', 'PS-EB.1.07', 3, 660, 'Casual'),
(29279, '401029-PAR-Grp1-TU-5/2-10:00AM-SM21', 'SM21', 531, 'TU', 'Fri', 'Parramatta', '10:00:00', 'PS-EB.3.33 (CLS)', 2, 720, 'Casual'),
(29280, '401029-PAR-Grp2-TU-5/2-10:15AM-SM21', 'SM21', 531, 'TU', 'Fri', 'Parramatta', '10:15:00', 'PS-EB.3.35 (CLS)', 2, 718, 'Casual'),
(29281, '401029-PAR-Grp3-TU-5/2-10:30AM-SM21', 'SM21', 531, 'TU', 'Fri', 'Parramatta', '10:30:00', 'PS-EB.3.36 (CLS)', 2, 833, 'Casual'),
(29282, '401029-PAR-Grp4-TU-5/2-10:45AM-SM21', 'SM21', 531, 'TU', 'Fri', 'Parramatta', '10:45:00', 'PS-EB.3.37 (CLS)', 2, 675, 'Casual'),
(29283, '401029-PAR-Grp5-TU-5/2-02:00PM-SM21', 'SM21', 531, 'TU', 'Fri', 'Parramatta', '14:00:00', 'PS-EB.3.33 (CLS)', 2, 718, 'Casual'),
(29284, '401029-PAR-Grp6-TU-5/2-02:15PM-SM21', 'SM21', 531, 'TU', 'Fri', 'Parramatta', '14:15:00', 'PS-EB.3.35 (CLS)', 2, 720, 'Casual'),
(29285, '401029-PAR-Grp7-TU-5/2-02:30PM-SM21', 'SM21', 531, 'TU', 'Fri', 'Parramatta', '14:30:00', 'PS-EB.3.36 (CLS)', 2, 833, 'Casual'),
(29286, '401029-PAR-Grp8-TU-5/2-02:45PM-SM21', 'SM21', 531, 'TU', 'Fri', 'Parramatta', '14:45:00', 'PS-EB.3.37 (CLS)', 2, 675, 'Casual'),
(29287, '401029-PAR-Grp5-WKA-5/2-09:00AM-SM21', 'SM21', 531, 'WKA', 'Fri', 'Parramatta', '09:00:00', 'PS-EB.3.33 (CLS)', 1, 671, 'Casual'),
(29288, '401029-PAR-Grp6-WKA-5/2-09:15AM-SM21', 'SM21', 531, 'WKA', 'Fri', 'Parramatta', '09:15:00', 'PS-EB.3.35 (CLS)', 1, 670, 'Casual'),
(29289, '401029-PAR-Grp7-WKA-5/2-09:30AM-SM21', 'SM21', 531, 'WKA', 'Fri', 'Parramatta', '09:30:00', 'PS-EB.3.36 (CLS)', 1, 729, 'Casual'),
(29290, '401029-PAR-Grp8-WKA-5/2-09:45AM-SM21', 'SM21', 531, 'WKA', 'Fri', 'Parramatta', '09:45:00', 'PS-EB.3.37 (CLS)', 1, 691, 'Casual'),
(29291, '401029-PAR-Grp1-WKA-5/2-12:00PM-SM21', 'SM21', 531, 'WKA', 'Fri', 'Parramatta', '13:00:00', 'PS-EB.3.33 (CLS)', 1, 720, 'Casual'),
(29292, '401029-PAR-Grp2-WKA-5/2-12:15PM-SM21', 'SM21', 531, 'WKA', 'Fri', 'Parramatta', '13:15:00', 'PS-EB.3.35 (CLS)', 1, 774, 'Casual'),
(29293, '401029-PAR-Grp3-WKA-5/2-1:30PM-SM21', 'SM21', 531, 'WKA', 'Fri', 'Parramatta', '13:30:00', 'PS-EB.3.36 (CLS)', 1, 671, 'Casual'),
(29294, '401029-PAR-Grp4-WKA-5/2-12:45PM-SM21', 'SM21', 531, 'WKA', 'Fri', 'Parramatta', '13:45:00', 'PS-EB.3.37 (CLS)', 1, 660, 'Casual'),
(29295, '401029-PAR-Grp5-CPU-5/2-10:00AM-SM21', 'SM21', 531, 'SK', 'Fri', 'Parramatta', '10:00:00', 'PS-EB.1.02', 3, 671, 'Casual'),
(29296, '401029-PAR-Grp6-CPU-5/2-10:15AM-SM21', 'SM21', 531, 'SK', 'Fri', 'Parramatta', '10:15:00', 'PS-EB.1.04', 3, 670, 'Casual'),
(29297, '401029-PAR-Grp7-CPU-5/2-10:30AM-SM21', 'SM21', 531, 'SK', 'Fri', 'Parramatta', '10:30:00', 'PS-EB.1.05', 3, 729, 'Casual'),
(29298, '401029-PAR-Grp8-CPU-5/2-10:45AM-SM21', 'SM21', 531, 'SK', 'Fri', 'Parramatta', '10:45:00', 'PS-EB.1.07', 3, 691, 'Casual'),
(29299, '401029-PAR-Grp1-CPU-5/2-02:00PM-SM21', 'SM21', 531, 'SK', 'Fri', 'Parramatta', '14:00:00', 'PS-EB.1.02', 3, 670, 'Casual'),
(29300, '401029-PAR-Grp2-CPU-5/2-02:15PM-SM21', 'SM21', 531, 'SK', 'Fri', 'Parramatta', '14:15:00', 'PS-EB.1.04', 3, 774, 'Casual'),
(29301, '401029-PAR-Grp3-CPU-5/2-02:30PM-SM21', 'SM21', 531, 'SK', 'Fri', 'Parramatta', '14:30:00', 'PS-EB.1.05', 3, 671, 'Casual'),
(29302, '401029-PAR-Grp4-CPU-5/2-02:45PM-SM21', 'SM21', 531, 'SK', 'Fri', 'Parramatta', '14:45:00', 'PS-EB.1.07', 3, 660, 'Casual'),
(29303, '401029-PAR-Grp1&2-TU-9/2-09:00AM-SM21', 'SM21', 531, 'TU', 'Tue', 'Parramatta', '09:00:00', 'Zoom', 2, 805, 'Casual'),
(29304, '401029-PAR-Grp3&4-TU-9/2-09:00AM-SM21', 'SM21', 531, 'TU', 'Tue', 'Parramatta', '09:00:00', 'Zoom', 2, 838, 'Casual'),
(29305, '401029-PAR-Grp5&6-TU-9/2-12:00PM-SM21', 'SM21', 531, 'TU', 'Tue', 'Parramatta', '12:00:00', 'Zoom', 2, 805, 'Casual'),
(29306, '401029-PAR-Grp7&8-TU-9/2-12:00PM-SM21', 'SM21', 531, 'TU', 'Tue', 'Parramatta', '12:00:00', 'Zoom', 2, 838, 'Casual'),
(29307, '401029-PAR-Grp1&2-TU-9/2-12:00PM-SM21', 'SM21', 531, 'TU', 'Tue', 'Parramatta', '12:00:00', 'Zoom', 2, 820, 'Casual'),
(29308, '401029-PAR-Grp3&4-TU-9/2-12:00PM-SM21', 'SM21', 531, 'TU', 'Tue', 'Parramatta', '12:00:00', 'Zoom', 2, 707, 'Casual'),
(29309, '401029-PAR-Grp5&6-TU-9/2-09:00AM-SM21', 'SM21', 531, 'TU', 'Tue', 'Parramatta', '09:00:00', 'Zoom', 2, 820, 'Casual'),
(29310, '401029-PAR-Grp7&8-TU-9/2-09:00AM-SM21', 'SM21', 531, 'TU', 'Tue', 'Parramatta', '09:00:00', 'Zoom', 2, 707, 'Casual'),
(29311, '401029-PAR-Grp1-TU-10/2-10:00AM-SM21', 'SM21', 531, 'TU', 'Wed', 'Parramatta', '10:00:00', 'PS-EB.3.06 (CLS)', 2, 720, 'Casual'),
(29312, '401029-PAR-Grp2-TU-10/2-10:15AM-SM21', 'SM21', 531, 'TU', 'Wed', 'Parramatta', '10:15:00', 'PS-EB.3.21 (CLS)', 2, 718, 'Casual'),
(29313, '401029-PAR-Grp3-TU-10/2-10:30AM-SM21', 'SM21', 531, 'TU', 'Wed', 'Parramatta', '10:30:00', 'PS-EB.3.22 (CLS)', 2, 833, 'Casual'),
(29314, '401029-PAR-Grp4-TU-10/2-10:45AM-SM21', 'SM21', 531, 'TU', 'Wed', 'Parramatta', '10:45:00', 'PS-EB.3.33 (CLS)', 2, 675, 'Casual'),
(29315, '401029-PAR-Grp5-TU-10/2-02:00PM-SM21', 'SM21', 531, 'TU', 'Wed', 'Parramatta', '14:00:00', 'PS-EB.3.06 (CLS)', 2, 718, 'Casual'),
(29316, '401029-PAR-Grp6-TU-10/2-02:15PM-SM21', 'SM21', 531, 'TU', 'Wed', 'Parramatta', '14:15:00', 'PS-EB.3.21 (CLS)', 2, 720, 'Casual'),
(29317, '401029-PAR-Grp7-TU-10/2-02:30PM-SM21', 'SM21', 531, 'TU', 'Wed', 'Parramatta', '14:30:00', 'PS-EB.3.22 (CLS)', 2, 833, 'Casual'),
(29318, '401029-PAR-Grp8-TU-10/2-02:45PM-SM21', 'SM21', 531, 'TU', 'Wed', 'Parramatta', '14:45:00', 'PS-EB.3.33 (CLS)', 2, 675, 'Casual'),
(29319, '401029-PAR-Grp5-WKA-10/2-09:00AM-SM21', 'SM21', 531, 'WKA', 'Wed', 'Parramatta', '09:00:00', 'PS-EB.3.06 (CLS)', 1, 820, 'Casual'),
(29320, '401029-PAR-Grp6-WKA-10/2-09:15AM-SM21', 'SM21', 531, 'WKA', 'Wed', 'Parramatta', '09:15:00', 'PS-EB.3.21 (CLS)', 1, 670, 'Casual'),
(29321, '401029-PAR-Grp7-WKA-10/2-09:30AM-SM21', 'SM21', 531, 'WKA', 'Wed', 'Parramatta', '09:30:00', 'PS-EB.3.22 (CLS)', 1, 729, 'Casual'),
(29322, '401029-PAR-Grp8-WKA-10/2-09:45AM-SM21', 'SM21', 531, 'WKA', 'Wed', 'Parramatta', '09:45:00', 'PS-EB.3.33 (CLS)', 1, 691, 'Casual'),
(29323, '401029-PAR-Grp1-WKA-10/2-12:00PM-SM21', 'SM21', 531, 'WKA', 'Wed', 'Parramatta', '13:00:00', 'PS-EB.3.06 (CLS)', 1, 720, 'Casual'),
(29324, '401029-PAR-Grp2-WKA-10/2-12:15PM-SM21', 'SM21', 531, 'WKA', 'Wed', 'Parramatta', '13:15:00', 'PS-EB.3.21 (CLS)', 1, 774, 'Casual'),
(29325, '401029-PAR-Grp3-WKA-10/2-12:30PM-SM21', 'SM21', 531, 'WKA', 'Wed', 'Parramatta', '13:30:00', 'PS-EB.3.22 (CLS)', 1, 671, 'Casual'),
(29326, '401029-PAR-Grp4-WKA-10/2-12:45PM-SM21', 'SM21', 531, 'WKA', 'Wed', 'Parramatta', '13:45:00', 'PS-EB.3.33 (CLS)', 1, 660, 'Casual'),
(29327, '401029-PAR-Grp5-CPU-10/2-10:00AM-SM21', 'SM21', 531, 'SK', 'Wed', 'Parramatta', '10:00:00', 'PS-EB.1.02', 3, 820, 'Casual'),
(29328, '401029-PAR-Grp6-CPU-10/2-10:15AM-SM21', 'SM21', 531, 'SK', 'Wed', 'Parramatta', '10:15:00', 'PS-EB.1.04', 3, 670, 'Casual'),
(29329, '401029-PAR-Grp7-CPU-10/2-10:30AM-SM21', 'SM21', 531, 'SK', 'Wed', 'Parramatta', '10:30:00', 'PS-EB.1.05', 3, 729, 'Casual'),
(29330, '401029-PAR-Grp8-CPU-10/2-10:45AM-SM21', 'SM21', 531, 'SK', 'Wed', 'Parramatta', '10:45:00', 'PS-EB.1.07', 3, 691, 'Casual'),
(29331, '401029-PAR-Grp1-CPU-10/2-02:00PM-SM21', 'SM21', 531, 'SK', 'Wed', 'Parramatta', '14:00:00', 'PS-EB.1.02', 3, 670, 'Casual'),
(29332, '401029-PAR-Grp2-CPU-10/2-02:15PM-SM21', 'SM21', 531, 'SK', 'Wed', 'Parramatta', '14:15:00', 'PS-EB.1.04', 3, 774, 'Casual'),
(29333, '401029-PAR-Grp3-CPU-10/2-02:30PM-SM21', 'SM21', 531, 'SK', 'Wed', 'Parramatta', '14:30:00', 'PS-EB.1.05', 3, 671, 'Casual'),
(29334, '401029-PAR-Grp4-CPU-10/2-02:45PM-SM21', 'SM21', 531, 'SK', 'Wed', 'Parramatta', '14:45:00', 'PS-EB.1.07', 3, 660, 'Casual'),
(29335, '401029-PAR-Grp1-TU-11/2-02:00PM-SM21', 'SM21', 531, 'TU', 'Thu', 'Parramatta', '14:00:00', 'PS-EB.3.33 (CLS)', 2, 805, 'Casual'),
(29336, '401029-PAR-Grp2-TU-11/2-02:15PM-SM21', 'SM21', 531, 'TU', 'Thu', 'Parramatta', '14:15:00', 'PS-EB.3.35 (CLS)', 2, 745, 'Casual'),
(29337, '401029-PAR-Grp3-TU-11/2-02:30PM-SM21', 'SM21', 531, 'TU', 'Thu', 'Parramatta', '14:30:00', 'PS-EB.3.36 (CLS)', 2, 833, 'Casual'),
(29338, '401029-PAR-Grp4-TU-11/2-02:45PM-SM21', 'SM21', 531, 'TU', 'Thu', 'Parramatta', '14:45:00', 'PS-EB.3.37 (CLS)', 2, 742, 'Casual'),
(29339, '401029-PAR-Grp5-TU-11/2-10:00AM-SM21', 'SM21', 531, 'TU', 'Thu', 'Parramatta', '10:00:00', 'PS-EB.3.33 (CLS)', 2, 820, 'Casual'),
(29340, '401029-PAR-Grp6-TU-11/2-10:15AM-SM21', 'SM21', 531, 'TU', 'Thu', 'Parramatta', '10:15:00', 'PS-EB.3.35 (CLS)', 2, 745, 'Casual'),
(29341, '401029-PAR-Grp7-TU-11/2-10:30AM-SM21', 'SM21', 531, 'TU', 'Thu', 'Parramatta', '10:30:00', 'PS-EB.3.36 (CLS)', 2, 805, 'Casual'),
(29342, '401029-PAR-Grp8-TU-11/2-10:45AM-SM21', 'SM21', 531, 'TU', 'Thu', 'Parramatta', '10:45:00', 'PS-EB.3.37 (CLS)', 2, 833, 'Casual'),
(29343, '401029-PAR-Grp1-WKA-11/2-09:00AM-SM21', 'SM21', 531, 'WKA', 'Thu', 'Parramatta', '09:00:00', 'PS-EB.3.33 (CLS)', 1, 720, 'Casual'),
(29344, '401029-PAR-Grp2-WKA-11/2-09:15AM-SM21', 'SM21', 531, 'WKA', 'Thu', 'Parramatta', '09:15:00', 'PS-EB.3.35 (CLS)', 1, 774, 'Casual'),
(29345, '401029-PAR-Grp3-WKA-11/2-09:30AM-SM21', 'SM21', 531, 'WKA', 'Thu', 'Parramatta', '09:30:00', 'PS-EB.3.36 (CLS)', 1, 671, 'Casual'),
(29346, '401029-PAR-Grp4-WKA-11/2-09:45AM-SM21', 'SM21', 531, 'WKA', 'Thu', 'Parramatta', '09:45:00', 'PS-EB.3.37 (CLS)', 1, 660, 'Casual'),
(29347, '401029-PAR-Grp5-WKA-11/2-12:00PM-SM21', 'SM21', 531, 'WKA', 'Thu', 'Parramatta', '13:00:00', 'PS-EB.3.33 (CLS)', 1, 820, 'Casual'),
(29348, '401029-PAR-Grp6-WKA-11/2-12:15PM-SM21', 'SM21', 531, 'WKA', 'Thu', 'Parramatta', '13:15:00', 'PS-EB.3.35 (CLS)', 1, 670, 'Casual'),
(29349, '401029-PAR-Grp7-WKA-11/2-12:30PM-SM21', 'SM21', 531, 'WKA', 'Thu', 'Parramatta', '13:30:00', 'PS-EB.3.36 (CLS)', 1, 729, 'Casual'),
(29350, '401029-PAR-Grp8-WKA-11/2-12:45PM-SM21', 'SM21', 531, 'WKA', 'Thu', 'Parramatta', '13:45:00', 'PS-EB.3.37 (CLS)', 1, 691, 'Casual'),
(29351, '401029-PAR-Grp1-CPU-11/2-10:00AM-SM21', 'SM21', 531, 'SK', 'Thu', 'Parramatta', '10:00:00', 'PS-EB.1.02', 3, 720, 'Casual'),
(29352, '401029-PAR-Grp2-CPU-11/2-10:15AM-SM21', 'SM21', 531, 'SK', 'Thu', 'Parramatta', '10:15:00', 'PS-EB.1.04', 3, 774, 'Casual'),
(29353, '401029-PAR-Grp3-CPU-11/2-10:30AM-SM21', 'SM21', 531, 'SK', 'Thu', 'Parramatta', '10:30:00', 'PS-EB.1.05', 3, 671, 'Casual'),
(29354, '401029-PAR-Grp4-CPU-11/2-10:45AM-SM21', 'SM21', 531, 'SK', 'Thu', 'Parramatta', '10:45:00', 'PS-EB.1.07', 3, 660, 'Casual'),
(29355, '401029-PAR-Grp5-CPU-11/2-02:00PM-SM21', 'SM21', 531, 'SK', 'Thu', 'Parramatta', '14:00:00', 'PS-EB.1.02', 3, 820, 'Casual'),
(29356, '401029-PAR-Grp6-CPU-11/2-02:15PM-SM21', 'SM21', 531, 'SK', 'Thu', 'Parramatta', '14:15:00', 'PS-EB.1.04', 3, 670, 'Casual'),
(29357, '401029-PAR-Grp7-CPU-11/2-02:30PM-SM21', 'SM21', 531, 'SK', 'Thu', 'Parramatta', '14:30:00', 'PS-EB.1.05', 3, 729, 'Casual'),
(29358, '401029-PAR-Grp8-CPU-11/2-02:45PM-SM21', 'SM21', 531, 'SK', 'Thu', 'Parramatta', '14:45:00', 'PS-EB.1.07', 3, 691, 'Casual'),
(29359, '401029-PAR-Grp1-TU-12/2-10:00AM-SM21', 'SM21', 531, 'TU', 'Fri', 'Parramatta', '10:00:00', 'PS-EB.3.33 (CLS)', 2, 720, 'Casual'),
(29360, '401029-PAR-Grp2-TU-12/2-10:15AM-SM21', 'SM21', 531, 'TU', 'Fri', 'Parramatta', '10:15:00', 'PS-EB.3.35 (CLS)', 2, 718, 'Casual'),
(29361, '401029-PAR-Grp3-TU-12/2-10:30AM-SM21', 'SM21', 531, 'TU', 'Fri', 'Parramatta', '10:30:00', 'PS-EB.3.36 (CLS)', 2, 833, 'Casual'),
(29362, '401029-PAR-Grp4-TU-12/2-10:45AM-SM21', 'SM21', 531, 'TU', 'Fri', 'Parramatta', '10:45:00', 'PS-EB.3.37 (CLS)', 2, 675, 'Casual'),
(29363, '401029-PAR-Grp5-TU-12/2-02:00PM-SM21', 'SM21', 531, 'TU', 'Fri', 'Parramatta', '14:00:00', 'PS-EB.3.33 (CLS)', 2, 718, 'Casual'),
(29364, '401029-PAR-Grp6-TU-12/2-02:15PM-SM21', 'SM21', 531, 'TU', 'Fri', 'Parramatta', '14:15:00', 'PS-EB.3.35 (CLS)', 2, 720, 'Casual'),
(29365, '401029-PAR-Grp7-TU-12/2-02:30PM-SM21', 'SM21', 531, 'TU', 'Fri', 'Parramatta', '14:30:00', 'PS-EB.3.36 (CLS)', 2, 833, 'Casual'),
(29366, '401029-PAR-Grp8-TU-12/2-02:45PM-SM21', 'SM21', 531, 'TU', 'Fri', 'Parramatta', '14:45:00', 'PS-EB.3.37 (CLS)', 2, 675, 'Casual'),
(29367, '401029-PAR-Grp5-WKA-12/2-09:00AM-SM21', 'SM21', 531, 'WKA', 'Fri', 'Parramatta', '09:00:00', 'PS-EB.3.33 (CLS)', 1, 671, 'Casual'),
(29368, '401029-PAR-Grp6-WKA-12/2-09:15AM-SM21', 'SM21', 531, 'WKA', 'Fri', 'Parramatta', '09:15:00', 'PS-EB.3.35 (CLS)', 1, 670, 'Casual'),
(29369, '401029-PAR-Grp7-WKA-12/2-09:30AM-SM21', 'SM21', 531, 'WKA', 'Fri', 'Parramatta', '09:30:00', 'PS-EB.3.36 (CLS)', 1, 729, 'Casual'),
(29370, '401029-PAR-Grp8-WKA-12/2-09:45AM-SM21', 'SM21', 531, 'WKA', 'Fri', 'Parramatta', '09:45:00', 'PS-EB.3.37 (CLS)', 1, 691, 'Casual'),
(29371, '401029-PAR-Grp1-WKA-12/2-12:00PM-SM21', 'SM21', 531, 'WKA', 'Fri', 'Parramatta', '13:00:00', 'PS-EB.3.33 (CLS)', 1, 720, 'Casual'),
(29372, '401029-PAR-Grp2-WKA-12/2-12:15PM-SM21', 'SM21', 531, 'WKA', 'Fri', 'Parramatta', '13:15:00', 'PS-EB.3.35 (CLS)', 1, 774, 'Casual'),
(29373, '401029-PAR-Grp3-WKA-12/2-1:30PM-SM21', 'SM21', 531, 'WKA', 'Fri', 'Parramatta', '13:30:00', 'PS-EB.3.36 (CLS)', 1, 671, 'Casual'),
(29374, '401029-PAR-Grp4-WKA-12/2-12:45PM-SM21', 'SM21', 531, 'WKA', 'Fri', 'Parramatta', '13:45:00', 'PS-EB.3.37 (CLS)', 1, 660, 'Casual'),
(29375, '401029-PAR-Grp5-CPU-12/2-10:00AM-SM21', 'SM21', 531, 'SK', 'Fri', 'Parramatta', '10:00:00', 'PS-EB.1.02', 3, 671, 'Casual'),
(29376, '401029-PAR-Grp6-CPU-12/2-10:15AM-SM21', 'SM21', 531, 'SK', 'Fri', 'Parramatta', '10:15:00', 'PS-EB.1.04', 3, 670, 'Casual'),
(29377, '401029-PAR-Grp7-CPU-12/2-10:30AM-SM21', 'SM21', 531, 'SK', 'Fri', 'Parramatta', '10:30:00', 'PS-EB.1.05', 3, 729, 'Casual'),
(29378, '401029-PAR-Grp8-CPU-12/2-10:45AM-SM21', 'SM21', 531, 'SK', 'Fri', 'Parramatta', '10:45:00', 'PS-EB.1.07', 3, 691, 'Casual'),
(29379, '401029-PAR-Grp1-CPU-12/2-02:00PM-SM21', 'SM21', 531, 'SK', 'Fri', 'Parramatta', '14:00:00', 'PS-EB.1.02', 3, 670, 'Casual'),
(29380, '401029-PAR-Grp2-CPU-12/2-02:15PM-SM21', 'SM21', 531, 'SK', 'Fri', 'Parramatta', '14:15:00', 'PS-EB.1.04', 3, 774, 'Casual'),
(29381, '401029-PAR-Grp3-CPU-12/2-02:30PM-SM21', 'SM21', 531, 'SK', 'Fri', 'Parramatta', '14:30:00', 'PS-EB.1.05', 3, 671, 'Casual'),
(29382, '401029-PAR-Grp4-CPU-12/2-02:45PM-SM21', 'SM21', 531, 'SK', 'Fri', 'Parramatta', '14:45:00', 'PS-EB.1.07', 3, 660, 'Casual'),
(29383, '401029-PAR-Grp1&2-TU-15/2-09:00AM-SM21', 'SM21', 531, 'TU', 'Mon', 'Parramatta', '09:00:00', 'Zoom', 2, 805, 'Casual'),
(29384, '401029-PAR-Grp3&4-TU-15/2-09:00AM-SM21', 'SM21', 531, 'TU', 'Mon', 'Parramatta', '09:00:00', 'Zoom', 2, 838, 'Casual'),
(29385, '401029-PAR-Grp5&6-TU-15/2-12:00PM-SM21', 'SM21', 531, 'TU', 'Mon', 'Parramatta', '12:00:00', 'Zoom', 2, 805, 'Casual'),
(29386, '401029-PAR-Grp7&8-TU-15/2-12:00PM-SM21', 'SM21', 531, 'TU', 'Mon', 'Parramatta', '12:00:00', 'Zoom', 2, 838, 'Casual'),
(29387, '401029-PAR-Grp1-8-SM-15/2-04:00PM-SM21', 'SM21', 531, 'SM', 'Mon', 'Parramatta', '16:00:00', 'Zoom', 1, 718, 'Casual'),
(29388, '401029-PAR-Grp1-WKA-16/2-08:00AM-SM21', 'SM21', 531, 'WKA', 'Tue', 'Parramatta', '08:00:00', 'PS-EB.3.06 (CLS)', 1, 720, 'Casual'),
(29389, '401029-PAR-Grp2-WKA-16/2-08:15AM-SM21', 'SM21', 531, 'WKA', 'Tue', 'Parramatta', '08:15:00', 'PS-EB.3.21 (CLS)', 1, 671, 'Casual'),
(29390, '401029-PAR-Grp3-WKA-16/2-08:30AM-SM21', 'SM21', 531, 'WKA', 'Tue', 'Parramatta', '08:30:00', 'PS-EB.3.22 (CLS)', 1, 678, 'Casual'),
(29391, '401029-PAR-Grp4-WKA-16/2-08:45AM-SM21', 'SM21', 531, 'WKA', 'Tue', 'Parramatta', '08:45:00', 'PS-EB.3.33 (CLS)', 1, 660, 'Casual'),
(29392, '401029-PAR-Grp5-WKA-16/2-01:00PM-SM21', 'SM21', 531, 'WKA', 'Tue', 'Parramatta', '13:00:00', 'PS-EB.3.06 (CLS)', 1, 820, 'Casual'),
(29393, '401029-PAR-Grp6-WKA-16/2-01:15PM-SM21', 'SM21', 531, 'WKA', 'Tue', 'Parramatta', '13:15:00', 'PS-EB.3.21 (CLS)', 1, 670, 'Casual'),
(29394, '401029-PAR-Grp7-WKA-16/2-01:30PM-SM21', 'SM21', 531, 'WKA', 'Tue', 'Parramatta', '13:30:00', 'PS-EB.3.22 (CLS)', 1, 729, 'Casual'),
(29395, '401029-PAR-Grp8-WKA-16/2-01:45PM-SM21', 'SM21', 531, 'WKA', 'Tue', 'Parramatta', '13:45:00', 'PS-EB.3.33 (CLS)', 1, 691, 'Casual'),
(29396, '401029-PAR-Grp1-CPU-16/2-09:00AM-SM21', 'SM21', 531, 'SK', 'Tue', 'Parramatta', '09:00:00', 'PS-EB.1.02', 3, 720, 'Casual'),
(29397, '401029-PAR-Grp2-CPU-16/2-09:15AM-SM21', 'SM21', 531, 'SK', 'Tue', 'Parramatta', '09:15:00', 'PS-EB.1.04', 3, 671, 'Casual'),
(29398, '401029-PAR-Grp3-CPU-16/2-09:30AM-SM21', 'SM21', 531, 'SK', 'Tue', 'Parramatta', '09:30:00', 'PS-EB.1.05', 3, 678, 'Casual'),
(29399, '401029-PAR-Grp4-CPU-16/2-09:45AM-SM21', 'SM21', 531, 'SK', 'Tue', 'Parramatta', '09:45:00', 'PS-EB.1.07', 3, 660, 'Casual'),
(29400, '401029-PAR-Grp5-CPU-16/2-02:00PM-SM21', 'SM21', 531, 'SK', 'Tue', 'Parramatta', '14:00:00', 'PS-EB.1.02', 3, 820, 'Casual'),
(29401, '401029-PAR-Grp6-CPU-16/2-02:15PM-SM21', 'SM21', 531, 'SK', 'Tue', 'Parramatta', '14:15:00', 'PS-EB.1.04', 3, 670, 'Casual'),
(29402, '401029-PAR-Grp7-CPU-16/2-02:30PM-SM21', 'SM21', 531, 'SK', 'Tue', 'Parramatta', '14:30:00', 'PS-EB.1.05', 3, 729, 'Casual'),
(29403, '401029-PAR-Grp8-CPU-16/2-02:45PM-SM21', 'SM21', 531, 'SK', 'Tue', 'Parramatta', '14:45:00', 'PS-EB.1.07', 3, 691, 'Casual'),
(29404, '401029-PAR-Grp1-TU-17/2-10:00AM-SM21', 'SM21', 531, 'TU', 'Wed', 'Parramatta', '10:00:00', 'PS-EB.3.06 (CLS)', 2, 720, 'Casual'),
(29405, '401029-PAR-Grp2-TU-17/2-10:15AM-SM21', 'SM21', 531, 'TU', 'Wed', 'Parramatta', '10:15:00', 'PS-EB.3.21 (CLS)', 2, 718, 'Casual'),
(29406, '401029-PAR-Grp3-TU-17/2-10:30AM-SM21', 'SM21', 531, 'TU', 'Wed', 'Parramatta', '10:30:00', 'PS-EB.3.22 (CLS)', 2, 785, 'Casual'),
(29407, '401029-PAR-Grp4-TU-17/2-10:45AM-SM21', 'SM21', 531, 'TU', 'Wed', 'Parramatta', '10:45:00', 'PS-EB.3.33 (CLS)', 2, 675, 'Casual'),
(29408, '401029-PAR-Grp5-TU-17/2-02:00PM-SM21', 'SM21', 531, 'TU', 'Wed', 'Parramatta', '14:00:00', 'PS-EB.3.06 (CLS)', 2, 718, 'Casual'),
(29409, '401029-PAR-Grp6-TU-17/2-02:15PM-SM21', 'SM21', 531, 'TU', 'Wed', 'Parramatta', '14:15:00', 'PS-EB.3.21 (CLS)', 2, 720, 'Casual'),
(29410, '401029-PAR-Grp7-TU-17/2-02:30PM-SM21', 'SM21', 531, 'TU', 'Wed', 'Parramatta', '14:30:00', 'PS-EB.3.22 (CLS)', 2, 670, 'Casual'),
(29411, '401029-PAR-Grp8-TU-17/2-02:45PM-SM21', 'SM21', 531, 'TU', 'Wed', 'Parramatta', '14:45:00', 'PS-EB.3.33 (CLS)', 2, 675, 'Casual'),
(29412, '401029-PAR-Grp5-WKA-17/2-09:00AM-SM21', 'SM21', 531, 'WKA', 'Wed', 'Parramatta', '09:00:00', 'PS-EB.3.06 (CLS)', 1, 820, 'Casual'),
(29413, '401029-PAR-Grp6-WKA-17/2-09:15AM-SM21', 'SM21', 531, 'WKA', 'Wed', 'Parramatta', '09:15:00', 'PS-EB.3.21 (CLS)', 1, 670, 'Casual'),
(29414, '401029-PAR-Grp7-WKA-17/2-09:30AM-SM21', 'SM21', 531, 'WKA', 'Wed', 'Parramatta', '09:30:00', 'PS-EB.3.22 (CLS)', 1, 729, 'Casual'),
(29415, '401029-PAR-Grp8-WKA-17/2-09:45AM-SM21', 'SM21', 531, 'WKA', 'Wed', 'Parramatta', '09:45:00', 'PS-EB.3.33 (CLS)', 1, 691, 'Casual'),
(29416, '401029-PAR-Grp1-WKA-17/2-12:00PM-SM21', 'SM21', 531, 'WKA', 'Wed', 'Parramatta', '13:00:00', 'PS-EB.3.06 (CLS)', 1, 720, 'Casual'),
(29417, '401029-PAR-Grp2-WKA-17/2-12:15PM-SM21', 'SM21', 531, 'WKA', 'Wed', 'Parramatta', '13:15:00', 'PS-EB.3.21 (CLS)', 1, 785, 'Casual'),
(29418, '401029-PAR-Grp3-WKA-17/2-12:30PM-SM21', 'SM21', 531, 'WKA', 'Wed', 'Parramatta', '13:30:00', 'PS-EB.3.22 (CLS)', 1, 671, 'Casual'),
(29419, '401029-PAR-Grp4-WKA-17/2-12:45PM-SM21', 'SM21', 531, 'WKA', 'Wed', 'Parramatta', '13:45:00', 'PS-EB.3.33 (CLS)', 1, 660, 'Casual'),
(29420, '401029-PAR-Grp5-CPU-17/2-10:00AM-SM21', 'SM21', 531, 'SK', 'Wed', 'Parramatta', '10:00:00', 'PS-EB.1.02', 3, 820, 'Casual'),
(29421, '401029-PAR-Grp6-CPU-17/2-10:15AM-SM21', 'SM21', 531, 'SK', 'Wed', 'Parramatta', '10:15:00', 'PS-EB.1.04', 3, 670, 'Casual'),
(29422, '401029-PAR-Grp7-CPU-17/2-10:30AM-SM21', 'SM21', 531, 'SK', 'Wed', 'Parramatta', '10:30:00', 'PS-EB.1.05', 3, 729, 'Casual'),
(29423, '401029-PAR-Grp8-CPU-17/2-10:45AM-SM21', 'SM21', 531, 'SK', 'Wed', 'Parramatta', '10:45:00', 'PS-EB.1.07', 3, 691, 'Casual'),
(29424, '401029-PAR-Grp1-CPU-17/2-02:00PM-SM21', 'SM21', 531, 'SK', 'Wed', 'Parramatta', '14:00:00', 'PS-EB.1.02', 3, 670, 'Casual'),
(29425, '401029-PAR-Grp2-CPU-17/2-02:15PM-SM21', 'SM21', 531, 'SK', 'Wed', 'Parramatta', '14:15:00', 'PS-EB.1.04', 3, 785, 'Casual'),
(29426, '401029-PAR-Grp3-CPU-17/2-02:30PM-SM21', 'SM21', 531, 'SK', 'Wed', 'Parramatta', '14:30:00', 'PS-EB.1.05', 3, 671, 'Casual'),
(29427, '401029-PAR-Grp4-CPU-17/2-02:45PM-SM21', 'SM21', 531, 'SK', 'Wed', 'Parramatta', '14:45:00', 'PS-EB.1.07', 3, 660, 'Casual'),
(29428, '401029-PAR-Grp1-8-SM-15/2-03:00PM-SM21', 'SM21', 531, 'SM', 'Mon', 'Parramatta', '15:00:00', 'Zoom', 1, 805, 'Casual'),
(29429, '401001-ONLINE-4-CL-A21', 'A21', 408, 'CL', 'Thu', 'Online', '10:00:00', 'Zoom', 1, 666, 'Casual'),
(29430, '401001-ONLINE-5-CL-A21', 'A21', 408, 'CL', 'Fri', 'Online', '09:00:00', 'Zoom', 1, 653, 'Casual'),
(29431, '401001-CAM-1-TU-A21', 'A21', 408, 'TU', 'Thu', 'Campbelltown', '14:00:00', 'CA-10.1.15 (CLS)', 2, 707, 'Casual'),
(29432, '401001-CAM-2-TU-A21', 'A21', 408, 'TU', 'Tue', 'Campbelltown', '09:00:00', 'CA-10.1.13 (CLS)', 2, 706, 'Casual'),
(29433, '401001-CAM-3-TU-A21', 'A21', 408, 'TU', 'Tue', 'Campbelltown', '11:00:00', 'CA-10.1.13 (CLS)', 2, 706, 'Casual'),
(29434, '401001-CAM-4-TU-A21', 'A21', 408, 'TU', 'Tue', 'Campbelltown', '14:00:00', 'CA-10.1.13 (CLS)', 2, 706, 'Casual'),
(29435, '401001-CAM-5-TU-A21', 'A21', 408, 'TU', 'Fri', 'Campbelltown', '09:00:00', 'CA-10.1.13 (CLS)', 2, 706, 'Casual'),
(29436, '401001-CAM-6-TU-A21', 'A21', 408, 'TU', 'Fri', 'Campbelltown', '14:00:00', 'CA-10.1.13 (CLS)', 2, 706, 'Casual'),
(29437, '401001-CAM-7-TU-A21', 'A21', 408, 'TU', 'Thu', 'Campbelltown', '16:00:00', 'CA-10.1.15 (CLS)', 2, 707, 'Casual'),
(29438, '401001-CAM-8-TU-A21', 'A21', 408, 'TU', 'Mon', 'Campbelltown', '13:00:00', 'CA-10.1.16 (CLS)', 2, 703, 'Casual'),
(29439, '401001-CAM-9-TU-A21', 'A21', 408, 'TU', 'Fri', 'Campbelltown', '11:00:00', 'CA-10.1.13 (CLS)', 2, 706, 'Casual'),
(29440, '401001-CAM-10-TU-A21', 'A21', 408, 'TU', 'Wed', 'Campbelltown', '11:00:00', 'CA-10.G.15 (CLS)', 2, 666, 'Casual'),
(29441, '401001-CAM-11-TU-A21', 'A21', 408, 'TU', 'Thu', 'Campbelltown', '11:00:00', 'CA-10.G.14 (CLS)', 2, 703, 'Casual'),
(29442, '401001-CAM-12-TU-A21', 'A21', 408, 'TU', 'Mon', 'Campbelltown', '10:00:00', 'CA-10.G.16 (CLS)', 2, 699, 'Casual'),
(29443, '401001-CAM-13-TU-A21', 'A21', 408, 'TU', 'Wed', 'Campbelltown', '14:00:00', 'CA-10.G.14 (CLS)', 2, 653, 'Casual'),
(29444, '401001-CAM-14-TU-A21', 'A21', 408, 'TU', 'Wed', 'Campbelltown', '09:00:00', 'CA-10.G.15 (CLS)', 2, 666, 'Casual'),
(29445, '401001-CAM-15-TU-A21', 'A21', 408, 'TU', 'Thu', 'Campbelltown', '09:00:00', 'CA-10.G.14 (CLS)', 2, 703, 'Casual'),
(29446, '401001-HAW-1-TU-A21', 'A21', 408, 'TU', 'Mon', 'Hawkesbury', '09:00:00', 'HW-H7.G.12', 2, 707, 'Casual'),
(29447, '401001-HAW-2-TU-A21', 'A21', 408, 'TU', 'Mon', 'Hawkesbury', '11:00:00', 'HW-H7.G.12', 2, 707, 'Casual'),
(29448, '401001-HAW-3-TU-A21', 'A21', 408, 'TU', 'Tue', 'Hawkesbury', '09:00:00', 'HW-M3.1.08', 2, 701, 'Casual'),
(29449, '401029-PAR-Grp1-8-SM-15/2-03:00PM-SM21', 'SM21', 531, 'SM', 'Mon', 'Parramatta', '15:00:00', 'Zoom', 2, 823, 'Casual'),
(29450, '401029-PAR-Screening-TU-14/1-8:30AM-SM21', 'SM21', 531, 'TU', 'Thu', 'Parramatta', '08:30:00', 'PS-EB', 3, 742, 'Casual'),
(29451, '401029-PAR-Screening-TU-15/1-8:30AM-SM21', 'SM21', 531, 'TU', 'Thu', 'Parramatta', '08:30:00', 'PS-EB', 3, 675, 'Casual'),
(29452, '401030-PAR-1-TU-A21', 'A21', 554, 'TU', 'Mon', 'Parramatta', '09:00:00', 'PS-EB.3.35 (CLS)', 2, 841, 'Casual'),
(29453, '401030-PAR-3-TU-A21', 'A21', 554, 'TU', 'Tue', 'Parramatta', '09:00:00', 'PS-EB.3.37 (CLS)', 2, 841, 'Casual'),
(29454, '401034-PAR-1-TU-A21', 'A21', 555, 'TU', 'Mon', 'Parramatta', '15:00:00', 'PS-EB.3.37 (CLS)', 2, 842, 'Casual'),
(29455, '401034-PAR-2-TU-A21', 'A21', 555, 'TU', 'Tue', 'Parramatta', '15:00:00', 'PS-EB.3.35 (CLS)', 2, 842, 'Casual'),
(29456, '401039-PAR-1-TU-A21', 'A21', 556, 'TU', 'Thu', 'Parramatta', '09:00:00', 'PS-EB.G.38 (CLS)', 2, 843, 'Casual'),
(29457, '401039-PAR-2-TU-A21', 'A21', 556, 'TU', 'Fri', 'Parramatta', '09:00:00', 'PS-EB.G.38 (CLS)', 2, 844, 'Casual'),
(29458, '401040-PAR-1-WK-A21', 'A21', 558, 'WK', 'Thu', 'Parramatta', '09:00:00', 'PS-EB.G.02', 7, 841, 'Casual'),
(29459, '401040-PAR-2-WK-A21', 'A21', 558, 'WK', 'Fri', 'Parramatta', '09:00:00', 'PS-EB.G.02', 7, 841, 'Casual'),
(29460, '401040-PAR-1-WKa-A21', 'A21', 558, 'WKa', 'Thu', 'Parramatta', '09:00:00', 'x*External - Off Campus', 7, 841, 'Casual'),
(29461, '401040-PAR-2-WKa-A21', 'A21', 558, 'WKa', 'Fri', 'Parramatta', '09:00:00', 'x*External - Off Campus', 7, 841, 'Casual'),
(29462, '401219-PAR-1-SK-A21', 'A21', 666, 'SK', 'Tue', 'Parramatta', '13:00:00', 'PS-EB.1.10 (CPU)', 3, 955, 'Casual'),
(29463, '401219-PAR-2-SK-A21', 'A21', 666, 'SK', 'Tue', 'Parramatta', '09:00:00', 'PS-EB.1.10 (CPU)', 3, 956, 'Casual'),
(29464, '401219-PAR-3-SK-A21', 'A21', 666, 'SK', 'Mon', 'Parramatta', '13:00:00', 'PS-EB.1.10 (CPU)', 3, 953, 'Casual'),
(29465, '401219-PAR-4-SK-A21', 'A21', 666, 'SK', 'Mon', 'Parramatta', '09:00:00', 'PS-EB.1.10 (CPU)', 3, 954, 'Casual'),
(29466, '401221-PAR-1-SK-H121', 'H121', 670, 'SK', 'Mon', 'Parramatta', '09:00:00', 'PS-EB.1.11 (CPU)', 3, 953, 'Casual'),
(29467, '401221-PAR-2-SK-H121', 'H121', 670, 'SK', 'Tue', 'Parramatta', '09:00:00', 'PS-EB.1.11 (CPU)', 3, 955, 'Casual'),
(29468, '401221-PAR-3-SK-H121', 'H121', 670, 'SK', 'Tue', 'Parramatta', '13:00:00', 'PS-EB.1.11 (CPU)', 3, 953, 'Casual'),
(29469, '401221-PAR-4-SK-H121', 'H121', 670, 'SK', 'Mon', 'Parramatta', '13:00:00', 'PS-EB.1.11 (CPU)', 3, 954, 'Casual'),
(29470, '401223-PAR-1-SK-H121', 'H121', 673, 'SK', 'Thu', 'Parramatta', '12:00:00', 'PS-EB.1.11 (CPU)', 3, 960, 'Casual'),
(29471, '401223-PAR-2-SK-H121', 'H121', 673, 'SK', 'Fri', 'Parramatta', '12:00:00', 'PS-EB.1.10 (CPU)', 3, 844, 'Casual'),
(29472, '401223-PAR-3-SK-H121', 'H121', 673, 'SK', 'Thu', 'Parramatta', '13:00:00', 'PS-EB.1.10 (CPU)', 3, 954, 'Casual'),
(29473, '401225-PAR-1-WKa-A21', 'SM21', 676, 'WKa', 'Thu', 'Parramatta', '09:00:00', 'PS-EB.G.35 (CLS)', 7, 655, 'Casual'),
(29474, '401225-PAR-2-WKa-A21', 'A21', 676, 'WKa', 'Fri', 'Parramatta', '09:00:00', 'PS-EA.G.15 (CLS) (19/3), PS-EB.G.02 (7/5, 28/5)', 7, 655, 'Casual'),
(29475, '401347-PAR-1-SK-A21', 'A21', 677, 'SK', 'Wed', 'Parramatta', '13:00:00', 'PS-EB.1.11 (CPU)', 3, 743, 'Casual'),
(29476, '401347-PAR-2-SK-A21', 'A21', 677, 'SK', 'Wed', 'Parramatta', '09:00:00', 'PS-EB.1.10 (CPU)', 3, 743, 'Casual'),
(29477, '401347-PAR-3-SK-A21', 'A21', 677, 'SK', 'Wed', 'Parramatta', '09:00:00', 'PS-EB.1.11 (CPU)', 3, 966, 'Casual'),
(29478, '401347-PAR-1-SKb-A21', 'A21', 677, 'SKb', 'Wed', 'Parramatta', '09:00:00', 'PS-EB.1.10 (CPU)', 8, 743, 'Casual'),
(29479, '401347-PAR-2-SKb-A21', 'A21', 677, 'SKb', 'Wed', 'Parramatta', '09:00:00', 'PS-EB.1.11 (CPU)', 8, 843, 'Casual'),
(29480, '401347-PAR-01-P1-TU-A21', 'A21', 677, 'TU', 'Mon', 'Parramatta', '09:00:00', 'PS-EB.G.02', 8, 843, 'Casual'),
(29481, '401347-PAR-01-P2-TU-A21', 'A21', 677, 'TU', 'Wed', 'Parramatta', '09:00:00', 'PS-EB.G.37 (CLS)', 3, 743, 'Casual'),
(29482, '401347-PAR-2-TU-A21', 'A21', 677, 'TU', 'Wed', 'Parramatta', '13:00:00', 'PS-EA.1.29 (CLS)', 3, 743, 'Casual'),
(29483, '401348-PAR-1-SK-A21', 'A21', 680, 'SK', 'Wed', 'Parramatta', '09:00:00', 'PS-EB.1.10 (CPU)', 3, 843, 'Casual'),
(29484, '401348-PAR-2-SK-A21', 'A21', 680, 'SK', 'Wed', 'Parramatta', '13:00:00', 'PS-EB.1.10 (CPU)', 3, 843, 'Casual'),
(29485, '401348-PAR-3-SK-A21', 'A21', 680, 'SK', 'Wed', 'Parramatta', '09:00:00', 'PS-EB.1.11 (CPU)', 3, 966, 'Casual'),
(29486, '401348-PAR-1-SKa-A21', 'A21', 680, 'SKa', 'Thu', 'Parramatta', '09:00:00', 'PS-EB.1.11 (CPU)', 3, 966, 'Casual'),
(29487, '401348-PAR-2-SKa-A21', 'A21', 680, 'SKa', 'Fri', 'Parramatta', '09:00:00', 'PS-EB.1.11 (CPU)', 3, 966, 'Casual'),
(29488, '401348-PAR-3-SKa-A21', 'A21', 680, 'SKa', 'Thu', 'Parramatta', '09:00:00', 'PS-EB.1.10 (CPU)', 3, 743, 'Casual'),
(29489, '401348-PAR-4-SKa-A21', 'A21', 680, 'SKa', 'Fri', 'Parramatta', '09:00:00', 'PS-EB.1.10 (CPU)', 3, 743, 'Casual'),
(29490, '401348-PAR-01-P1-TU-A21', 'A21', 680, 'TU', 'Thu', 'Parramatta', '13:00:00', 'PS-EB.G.35 (CLS)', 3, 843, 'Casual'),
(29491, '401348-PAR-01-P2-TU-A21', 'A21', 680, 'TU', 'Wed', 'Parramatta', '09:00:00', 'PS-EB.G.37 (CLS)', 3, 843, 'Casual'),
(29492, '401348-PAR-02-P1-TU-A21', 'A21', 680, 'TU', 'Fri', 'Parramatta', '13:00:00', 'PS-EB.G.35 (CLS)', 3, 843, 'Casual'),
(29493, '401348-PAR-02-P2-TU-A21', 'A21', 680, 'TU', 'Wed', 'Parramatta', '13:00:00', 'PS-EA.1.29 (CLS)', 3, 843, 'Casual'),
(29494, '401349-PAR-1-TU-A21', 'A21', 683, 'TU', 'Tue', 'Parramatta', '09:00:00', 'PS-EA.G.36', 8, 743, 'Casual'),
(29495, '401349-PAR-1-WK-A21', 'A21', 683, 'WK', 'Wed', 'Parramatta', '09:00:00', 'PS-EB.G.37 (CLS)', 3, 874, 'Casual'),
(29496, '401349-PAR-2-WK-A21', 'A21', 683, 'WK', 'Wed', 'Parramatta', '13:00:00', 'PS-EA.1.29 (CLS)', 3, 743, 'Casual'),
(29497, '401347-PAR-01-P1-TU-A21', 'A21', 677, 'TU', 'Mon', 'Parramatta', '09:00:00', 'PS-EB.G.02', 8, 743, 'Casual'),
(29498, '401347-PAR-01-P1-TU-A21', 'A21', 677, 'TU', 'Mon', 'Parramatta', '09:00:00', 'PS-EB.G.02', 8, 966, 'Casual'),
(29499, '401349-PAR-1-TU-A21', 'A21', 683, 'TU', 'Tue', 'Parramatta', '09:00:00', 'PS-EA.G.36', 8, 874, 'Casual'),
(29500, '401347-PAR-1-SKb-A21', 'A21', 677, 'SKb', 'Wed', 'Parramatta', '09:00:00', 'PS-EB.1.10 (CPU)', 8, 966, 'Casual'),
(29501, '401349-PAR-1-WK-A21', 'A21', 683, 'WK', 'Wed', 'Parramatta', '09:00:00', 'PS-EB.G.37 (CLS)', 3, 874, 'Casual'),
(29502, '401349-PAR-2-WK-A21', 'A21', 683, 'WK', 'Wed', 'Parramatta', '13:00:00', 'PS-EA.1.29 (CLS)', 3, 743, 'Casual'),
(29503, '4684-Clinical Skills Refresher-A21', 'H121', 685, 'WK', 'Wed', 'Parramatta', '09:00:00', 'Bmid LAB', 8, 955, 'Casual'),
(29504, '401029-PAR-Grp6-TU-29/1-10:15AM-SM21', 'SM21', 531, 'TU', 'Fri', 'Parramatta', '10:15:00', 'PS-EB.3.35 (CLS)', 2, 710, 'Casual'),
(29505, '401029-PAR-Grp7-TU-17/2-02:30PM-SM21', 'SM21', 531, 'TU', 'Wed', 'Parramatta', '14:30:00', 'PS-EB.3.22 (CLS)', 2, 710, 'Casual'),
(29506, '401001-HAW-4-TU-A21', 'A21', 408, 'TU', 'Tue', 'Hawkesbury', '11:00:00', 'HW-M3.1.08', 2, 701, 'Casual'),
(29507, '401001-HAW-5-TU-A21', 'A21', 408, 'TU', 'Tue', 'Hawkesbury', '14:00:00', 'HW-M3.1.03', 2, 701, 'Casual'),
(29508, '401001-HAW-6-TU-A21', 'A21', 408, 'TU', 'Wed', 'Hawkesbury', '09:00:00', 'HW-H7.G.11', 2, 708, 'Casual'),
(29509, '401001-HAW-7-TU-A21', 'A21', 408, 'TU', 'Wed', 'Hawkesbury', '11:00:00', 'HW-H7.G.11', 2, 708, 'Casual'),
(29510, '401001-HAW-8-TU-A21', 'A21', 408, 'TU', 'Wed', 'Hawkesbury', '14:00:00', 'HW-H7.G.07', 2, 708, 'Casual'),
(29511, '401001-HAW-9-TU-A21', 'A21', 408, 'TU', 'Fri', 'Hawkesbury', '11:00:00', 'HW-M3.1.08', 2, 707, 'Casual'),
(29512, '401001-HAW-10-TU-A21', 'A21', 408, 'TU', 'Fri', 'Hawkesbury', '09:00:00', 'HW-M3.1.08', 2, 707, 'Casual'),
(29513, '401001-HAW-11-TU-A21', 'A21', 408, 'TU', 'Thu', 'Hawkesbury', '11:00:00', 'HW-M3.1.03', 2, 702, 'Casual'),
(29514, '401001-HAW-12-TU-A21', 'A21', 408, 'TU', 'Thu', 'Hawkesbury', '09:00:00', 'HW-M3.1.03', 2, 702, 'Casual'),
(29515, '401001-LIV-1-TU-A21', 'A21', 408, 'TU', 'Mon', 'Liverpool', '09:00:00', 'LP-03.5.02 (LS)', 2, 705, 'Casual'),
(29516, '401001-LIV-2-TU-A21', 'A21', 408, 'TU', 'Mon', 'Liverpool', '11:00:00', 'LP-03.5.02 (LS)', 2, 705, 'Casual'),
(29517, '401001-LIV-4-TU-A21', 'A21', 408, 'TU', 'Tue', 'Liverpool', '16:00:00', 'LP-03.5.01 (LS)', 2, 705, 'Casual'),
(29518, '401001-LIV-6-TU-A21', 'A21', 408, 'TU', 'Tue', 'Liverpool', '14:00:00', 'LP-03.5.01 (LS)', 2, 705, 'Casual'),
(29519, '401001-LIV-7-TU-A21', 'A21', 408, 'TU', 'Tue', 'Liverpool', '09:00:00', 'LP-03.4.02 (LS)', 2, 705, 'Casual'),
(29520, '401001-PAR-1-TU-A21', 'A21', 408, 'TU', 'Thu', 'Parramatta', '14:00:00', 'PS-EB.G.02', 2, 655, 'Casual'),
(29521, '401001-PAR-2-TU-A21', 'A21', 408, 'TU', 'Mon', 'Parramatta', '14:00:00', 'PS-EA.1.33 (CLS)', 2, 704, 'Casual'),
(29522, '401001-PAR-3-TU-A21', 'A21', 408, 'TU', 'Tue', 'Parramatta', '09:00:00', 'PS-EA.1.31 (CLS)', 2, 697, 'Casual'),
(29523, '401001-PAR-4-TU-A21', 'A21', 408, 'TU', 'Tue', 'Parramatta', '14:00:00', 'PS-EA.1.33 (CLS)', 2, 697, 'Casual'),
(29524, '401001-PAR-5-TU-A21', 'A21', 408, 'TU', 'Tue', 'Parramatta', '11:00:00', 'PS-EA.1.31 (CLS)', 2, 697, 'Casual'),
(29525, '401001-PAR-6-TU-A21', 'A21', 408, 'TU', 'Wed', 'Parramatta', '14:00:00', 'PS-EA.G.33 (CLS)', 2, 702, 'Casual'),
(29526, '401001-PAR-7-TU-A21', 'A21', 408, 'TU', 'Thu', 'Parramatta', '11:00:00', 'PS-EB.G.32 (CLS)', 2, 655, 'Casual'),
(29527, '401001-PAR-8-TU-A21', 'A21', 408, 'TU', 'Thu', 'Parramatta', '09:00:00', 'PS-EB.G.32 (CLS)', 2, 655, 'Casual'),
(29528, '401001-PAR-9-TU-A21', 'A21', 408, 'TU', 'Mon', 'Parramatta', '09:00:00', 'PS-EA.1.31 (CLS)', 2, 704, 'Casual'),
(29529, '401001-PAR-10-TU-A21', 'A21', 408, 'TU', 'Fri', 'Parramatta', '11:00:00', 'PS-EB.3.33 (CLS)', 2, 702, 'Casual'),
(29530, '401001-PAR-11-TU-A21', 'A21', 408, 'TU', 'Mon', 'Parramatta', '11:00:00', 'PS-EA.1.31 (CLS)', 2, 704, 'Casual'),
(29531, '401001-PAR-12-TU-A21', 'A21', 408, 'TU', 'Fri', 'Parramatta', '14:00:00', 'PS-EB.3.33 (CLS)', 2, 702, 'Casual'),
(29532, '401001-PAR-13-TU-A21', 'A21', 408, 'TU', 'Fri', 'Parramatta', '16:00:00', 'PS-EB.3.33 (CLS)', 2, 702, 'Casual'),
(29533, '401001-PAR-14-TU-A21', 'A21', 408, 'TU', 'Mon', 'Parramatta', '16:00:00', 'PS-EA.1.33 (CLS)', 2, 704, 'Casual'),
(29534, '401001-PAR-15-TU-A21', 'A21', 408, 'TU', 'Wed', 'Parramatta', '09:00:00', 'PS-EB.G.02', 2, 707, 'Casual'),
(29535, '401001-PAR-16-TU-A21', 'A21', 408, 'TU', 'Wed', 'Parramatta', '11:00:00', 'PS-EB.G.02', 2, 707, 'Casual'),
(29536, '401001-LIV-1-TU-A21', 'A21', 408, 'TU', 'Mon', 'Liverpool', '09:00:00', 'LP-03.5.02 (LS)', 2, 657, 'Casual'),
(29537, '401001-LIV-2-TU-A21', 'A21', 408, 'TU', 'Mon', 'Liverpool', '11:00:00', 'LP-03.5.02 (LS)', 2, 657, 'Casual'),
(29538, '401001-LIV-4-TU-A21', 'A21', 408, 'TU', 'Tue', 'Liverpool', '16:00:00', 'LP-03.5.01 (LS)', 2, 707, 'Casual'),
(29539, '401001-LIV-6-TU-A21', 'A21', 408, 'TU', 'Tue', 'Liverpool', '14:00:00', 'LP-03.5.01 (LS)', 2, 707, 'Casual'),
(29540, '401001-LIV-7-TU-A21', 'A21', 408, 'TU', 'Tue', 'Liverpool', '09:00:00', 'LP-03.4.02 (LS)', 2, 707, 'Casual'),
(29541, '400201-PAR-1-WK-A21', 'A21', 363, 'WK', 'Mon', 'Parramatta', '09:00:00', 'PS-EA.G.15 (CLS)', 2, 650, 'Casual'),
(29542, '400235-PAR-1-TU-A21', 'A21', 364, 'TU', 'Mon', 'Parramatta', '09:00:00', 'PS-EA.1.29 (CLS)', 3, 651, 'Casual'),
(29543, '400238-PAR-1-WK-A21', 'A21', 365, 'WK', 'Tue', 'Parramatta', '09:00:00', 'PS-EA.1.31 (CLS)', 3, 652, 'Casual'),
(29544, '400238-PAR-2-WK-A21', 'A21', 365, 'WK', 'Tue', 'Parramatta', '13:00:00', 'PS-EA.1.33 (CLS)', 3, 652, 'Casual'),
(29545, '400412-PAR-1-WK-A21', 'A21', 366, 'WK', 'Sat', 'Parramatta', '10:00:00', 'PS-EA.G.19 (LT03)', 2, 653, 'Casual'),
(29546, '400773-PAR-1-SM-A21', 'A21', 367, 'SM', 'Tue', 'Parramatta', '11:00:00', 'PS-EB.G.38 (CLS)', 2, 654, 'Casual'),
(29547, '400773-PAR-2-SM-A21', 'A21', 367, 'SM', 'Tue', 'Parramatta', '09:00:00', 'PS-EA.G.38 (CLS)', 2, 654, 'Casual'),
(29548, '400803-PAR-1-WKa-A21', 'A21', 368, 'WKa', 'Fri', 'Parramatta', '09:00:00', 'PS-EA.LG.26 (CL)', 3, 655, 'Casual'),
(29549, '400803-PAR-1-WKc-A21', 'A21', 368, 'WKc', 'Fri', 'Parramatta', '09:00:00', 'PS-EHa.1.23 (CLS)', 3, 655, 'Casual'),
(29550, '400837-PAR-1-WK-A21', 'A21', 369, 'WK', 'Mon', 'Parramatta', '11:00:00', 'PS-EA.1.29 (CLS)', 2, 656, 'Casual'),
(29551, '400837-PAR-2-WK-A21', 'A21', 369, 'WK', 'Mon', 'Parramatta', '09:00:00', 'PS-EA.1.29 (CLS)', 2, 656, 'Casual'),
(29552, '400846-PAR-1-TU-A21', 'A21', 370, 'TU', 'Fri', 'Parramatta', '09:00:00', 'PS-EB.G.18 (CLS)', 3, 657, 'Casual'),
(29553, '400846-PAR-2-TU-A21', 'A21', 370, 'TU', 'Fri', 'Parramatta', '13:00:00', 'PS-EB.G.18 (CLS)', 3, 657, 'Casual'),
(29554, '401002-ONLINE-1-CL-A21', 'A21', 422, 'CL', 'Mon', 'Online', '15:00:00', 'Zoom', 1, 723, 'Casual'),
(29555, '401002-ONLINE-2-CL-A21', 'A21', 422, 'CL', 'Tue', 'Online', '14:00:00', 'Zoom', 1, 722, 'Casual'),
(29556, '401002-ONLINE-3-CL-A21', 'A21', 422, 'CL', 'Wed', 'Online', '12:00:00', 'Zoom', 1, 709, 'Casual'),
(29557, '401002-ONLINE-4-CL-A21', 'A21', 422, 'CL', 'Thu', 'Online', '11:00:00', 'Zoom', 1, 722, 'Casual'),
(29558, '401002-ONLINE-5-CL-A21', 'A21', 422, 'CL', 'Fri', 'Online', '10:00:00', 'Zoom', 1, 717, 'Casual'),
(29559, '401002-CAM-1-TU-A21', 'A21', 422, 'TU', 'Fri', 'Campbelltown', '11:00:00', 'CA-10.G.13 (CLS)', 2, 713, 'Casual'),
(29560, '401002-CAM-2-TU-A21', 'A21', 422, 'TU', 'Thu', 'Campbelltown', '11:00:00', 'CA-11.G.05 (CLS)', 2, 710, 'Casual'),
(29561, '401002-CAM-3-TU-A21', 'A21', 422, 'TU', 'Tue', 'Campbelltown', '09:00:00', 'CA-10.1.16 (CLS)', 2, 721, 'Casual'),
(29562, '401002-CAM-4-TU-A21', 'A21', 422, 'TU', 'Mon', 'Campbelltown', '11:00:00', 'CA-10.G.13 (CLS)', 2, 710, 'Casual'),
(29563, '401002-CAM-5-TU-A21', 'A21', 422, 'TU', 'Wed', 'Campbelltown', '14:00:00', 'CA-10.G.13 (CLS)', 2, 723, 'Casual'),
(29564, '401002-CAM-6-TU-A21', 'A21', 422, 'TU', 'Tue', 'Campbelltown', '16:00:00', 'CA-10.G.16 (CLS)', 2, 710, 'Casual'),
(29565, '401002-CAM-7-TU-A21', 'A21', 422, 'TU', 'Wed', 'Campbelltown', '11:00:00', 'CA-10.1.15 (CLS)', 2, 723, 'Casual'),
(29566, '401002-CAM-8-TU-A21', 'A21', 422, 'TU', 'Thu', 'Campbelltown', '09:00:00', 'CA-11.G.05 (CLS)', 2, 710, 'Casual'),
(29567, '401002-CAM-9-TU-A21', 'A21', 422, 'TU', 'Thu', 'Campbelltown', '14:00:00', 'CA-10.1.16 (CLS)', 2, 710, 'Casual'),
(29568, '401002-CAM-10-TU-A21', 'A21', 422, 'TU', 'Wed', 'Campbelltown', '09:00:00', 'CA-10.1.15 (CLS)', 2, 723, 'Casual'),
(29569, '401002-CAM-11-TU-A21', 'A21', 422, 'TU', 'Fri', 'Campbelltown', '09:00:00', 'CA-10.G.13 (CLS)', 2, 713, 'Casual'),
(29570, '401002-CAM-12-TU-A21', 'A21', 422, 'TU', 'Tue', 'Campbelltown', '11:00:00', 'CA-10.1.16 (CLS)', 2, 721, 'Casual'),
(29571, '401002-CAM-13-TU-A21', 'A21', 422, 'TU', 'Tue', 'Campbelltown', '14:00:00', 'CA-10.G.16 (CLS)', 2, 710, 'Casual'),
(29572, '401002-CAM-14-TU-A21', 'A21', 422, 'TU', 'Mon', 'Campbelltown', '09:00:00', 'CA-10.G.13 (CLS)', 2, 710, 'Casual'),
(29573, '401002-CAM-15-TU-A21', 'A21', 422, 'TU', 'Mon', 'Campbelltown', '14:00:00', 'CA-10.1.13 (CLS)', 2, 710, 'Casual'),
(29574, '401002-HAW-1-TU-A21', 'A21', 422, 'TU', 'Mon', 'Hawkesbury', '09:00:00', 'HW-M3.1.08', 2, 718, 'Casual'),
(29575, '401002-HAW-2-TU-A21', 'A21', 422, 'TU', 'Mon', 'Hawkesbury', '11:00:00', 'HW-M3.1.08', 2, 718, 'Casual'),
(29576, '401002-HAW-3-TU-A21', 'A21', 422, 'TU', 'Wed', 'Hawkesbury', '11:00:00', 'HW-G6.1.15 (CLS)', 2, 709, 'Casual'),
(29577, '401002-HAW-4-TU-A21', 'A21', 422, 'TU', 'Tue', 'Hawkesbury', '09:00:00', 'HW-M3.1.03', 2, 722, 'Casual'),
(29578, '401002-HAW-5-TU-A21', 'A21', 422, 'TU', 'Tue', 'Hawkesbury', '11:00:00', 'HW-M3.1.03', 2, 722, 'Casual'),
(29579, '401002-HAW-6-TU-A21', 'A21', 422, 'TU', 'Tue', 'Hawkesbury', '14:00:00', 'HW-M3.G.15', 2, 722, 'Casual'),
(29580, '401002-HAW-7-TU-A21', 'A21', 422, 'TU', 'Wed', 'Hawkesbury', '09:00:00', 'HW-G6.1.15 (CLS)', 2, 709, 'Casual'),
(29581, '401002-HAW-8-TU-A21', 'A21', 422, 'TU', 'Thu', 'Hawkesbury', '09:00:00', 'HW-M3.G.15', 2, 711, 'Casual'),
(29582, '401002-HAW-9-TU-A21', 'A21', 422, 'TU', 'Thu', 'Hawkesbury', '11:00:00', 'HW-M3.G.15', 2, 711, 'Casual'),
(29583, '401002-HAW-10-TU-A21', 'A21', 422, 'TU', 'Fri', 'Hawkesbury', '09:00:00', 'HW-H7.G.07', 2, 718, 'Casual'),
(29584, '401002-HAW-11-TU-A21', 'A21', 422, 'TU', 'Fri', 'Hawkesbury', '11:00:00', 'HW-H7.G.07', 2, 718, 'Casual'),
(29585, '401002-HAW-12-TU-A21', 'A21', 422, 'TU', 'Mon', 'Hawkesbury', '14:00:00', 'HW-M3.1.09', 2, 718, 'Casual'),
(29586, '401002-LIV-1-TU-A21', 'A21', 422, 'TU', 'Mon', 'Liverpool', '11:00:00', 'LP-03.5.01 (LS)', 2, 711, 'Casual'),
(29587, '401002-LIV-2-TU-A21', 'A21', 422, 'TU', 'Mon', 'Liverpool', '13:00:00', 'LP-03.5.01 (LS)', 2, 711, 'Casual'),
(29588, '401002-LIV-4-TU-A21', 'A21', 422, 'TU', 'Tue', 'Liverpool', '11:00:00', 'LP-03.5.02 (LS)', 2, 714, 'Casual'),
(29589, '401002-LIV-5-TU-A21', 'A21', 422, 'TU', 'Tue', 'Liverpool', '14:00:00', 'LP-03.5.02 (LS)', 2, 714, 'Casual'),
(29590, '401002-LIV-6-TU-A21', 'A21', 422, 'TU', 'Mon', 'Liverpool', '09:00:00', 'LP-03.5.01 (LS)', 2, 711, 'Casual'),
(29591, '401002-PAR-1-TU-A21', 'A21', 422, 'TU', 'Mon', 'Parramatta', '09:00:00', 'PS-EA.G.38 (CLS)', 2, 719, 'Casual'),
(29592, '401002-PAR-2-TU-A21', 'A21', 422, 'TU', 'Mon', 'Parramatta', '11:00:00', 'PS-EA.G.38 (CLS)', 2, 719, 'Casual'),
(29593, '401002-PAR-3-TU-A21', 'A21', 422, 'TU', 'Wed', 'Parramatta', '09:00:00', 'PS-EB.G.35 (CLS)', 2, 713, 'Casual'),
(29594, '401002-PAR-4-TU-A21', 'A21', 422, 'TU', 'Wed', 'Parramatta', '11:00:00', 'PS-EB.G.35 (CLS)', 2, 713, 'Casual'),
(29595, '401002-PAR-5-TU-A21', 'A21', 422, 'TU', 'Thu', 'Parramatta', '09:00:00', 'PS-EB.3.05 (CLS)', 2, 718, 'Casual'),
(29596, '401002-PAR-6-TU-A21', 'A21', 422, 'TU', 'Thu', 'Parramatta', '14:00:00', 'PS-EB.G.18 (CLS)', 2, 712, 'Casual'),
(29597, '401002-PAR-7-TU-A21', 'A21', 422, 'TU', 'Fri', 'Parramatta', '09:00:00', 'PS-EB.3.05 (CLS)', 2, 710, 'Casual'),
(29598, '401002-PAR-8-TU-A21', 'A21', 422, 'TU', 'Thu', 'Parramatta', '11:00:00', 'PS-EB.3.05 (CLS)', 2, 718, 'Casual'),
(29599, '401002-PAR-9-TU-A21', 'A21', 422, 'TU', 'Fri', 'Parramatta', '14:00:00', 'PS-EA.G.38 (CLS)', 2, 710, 'Casual'),
(29600, '401002-PAR-10-TU-A21', 'A21', 422, 'TU', 'Fri', 'Parramatta', '11:00:00', 'PS-EB.3.05 (CLS)', 2, 710, 'Casual'),
(29601, '401002-PAR-11-TU-A21', 'A21', 422, 'TU', 'Tue', 'Parramatta', '11:00:00', 'PS-EB.G.02', 2, 715, 'Casual'),
(29602, '401002-PAR-12-TU-A21', 'A21', 422, 'TU', 'Tue', 'Parramatta', '09:00:00', 'PS-EB.G.02', 2, 715, 'Casual'),
(29603, '401002-PAR-13-TU-A21', 'A21', 422, 'TU', 'Mon', 'Parramatta', '14:00:00', 'PS-EHa.1.23 (CLS)', 2, 719, 'Casual'),
(29604, '401002-PAR-14-TU-A21', 'A21', 422, 'TU', 'Thu', 'Parramatta', '16:00:00', 'PS-EB.G.18 (CLS)', 2, 712, 'Casual'),
(29605, '401002-PAR-15-TU-A21', 'A21', 422, 'TU', 'Wed', 'Parramatta', '16:00:00', 'PS-EB.G.02', 2, 715, 'Casual'),
(29606, '401002-PAR-16-TU-A21', 'A21', 422, 'TU', 'Wed', 'Parramatta', '14:00:00', 'PS-EB.G.02', 2, 715, 'Casual'),
(29607, '401008-CAM-1-SK-A21', 'A21', 440, 'SK', 'Mon', 'Campbelltown', '09:00:00', 'CA-15.G.11 (CPU)', 3, 735, 'Casual'),
(29608, '401008-CAM-2-SK-A21', 'A21', 440, 'SK', 'Mon', 'Campbelltown', '12:00:00', 'CA-15.G.11 (CPU)', 3, 682, 'Casual'),
(29609, '401008-CAM-14-SK-A21', 'A21', 440, 'SK', 'Mon', 'Campbelltown', '15:00:00', 'CA-15.G.11 (CPU)', 3, 735, 'Casual'),
(29610, '401008-CAM-15-SK-A21', 'A21', 440, 'SK', 'Mon', 'Campbelltown', '09:00:00', 'CA-15.G.18 (CPU)', 3, 739, 'Casual'),
(29611, '401008-CAM-16-SK-A21', 'A21', 440, 'SK', 'Mon', 'Campbelltown', '12:00:00', 'CA-15.G.18 (CPU)', 3, 739, 'Casual'),
(29612, '401008-CAM-1-WKa-A21', 'A21', 440, 'WKa', 'Mon', 'Campbelltown', '08:00:00', 'CA-11.1.04 (CLS)', 1, 735, 'Casual'),
(29613, '401008-CAM-9-SK-A21', 'A21', 440, 'SK', 'Fri', 'Campbelltown', '09:00:00', 'CA-15.G.11 (CPU)', 3, 663, 'Casual'),
(29614, '401008-CAM-10-SK-A21', 'A21', 440, 'SK', 'Fri', 'Campbelltown', '12:00:00', 'CA-15.G.11 (CPU)', 3, 732, 'Casual'),
(29615, '401008-CAM-26-SK-A21', 'A21', 440, 'SK', 'Fri', 'Campbelltown', '09:00:00', 'CA-15.G.18 (CPU)', 3, 751, 'Casual'),
(29616, '401008-CAM-27-SK-A21', 'A21', 440, 'SK', 'Fri', 'Campbelltown', '12:00:00', 'CA-15.G.18 (CPU)', 3, 751, 'Casual'),
(29617, '401008-CAM-2-WKa-A21', 'A21', 440, 'WKa', 'Mon', 'Campbelltown', '10:00:00', 'CA-11.G.04 (CLS)', 1, 682, 'Casual'),
(29618, '401008-CAM-14-WKa-A21', 'A21', 440, 'WKa', 'Mon', 'Campbelltown', '13:00:00', 'CA-10.1.06 (CLS)', 1, 735, 'Casual'),
(29619, '401008-CAM-9-WKa-A21', 'A21', 440, 'WKa', 'Fri', 'Campbelltown', '08:00:00', 'CA-11.1.04 (CLS)', 1, 663, 'Casual'),
(29620, '401008-CAM-3-SK-A21', 'A21', 440, 'SK', 'Tue', 'Campbelltown', '09:00:00', 'CA-15.G.11 (CPU)', 3, 728, 'Casual'),
(29621, '401008-CAM-4-SK-A21', 'A21', 440, 'SK', 'Tue', 'Campbelltown', '12:00:00', 'CA-15.G.18 (CPU)', 3, 726, 'Casual'),
(29622, '401008-CAM-11-SK-A21', 'A21', 440, 'SK', 'Tue', 'Campbelltown', '15:00:00', 'CA-15.G.11 (CPU)', 3, 689, 'Casual'),
(29623, '401008-CAM-17-SK-A21', 'A21', 440, 'SK', 'Tue', 'Campbelltown', '09:00:00', 'CA-15.G.18 (CPU)', 3, 739, 'Casual'),
(29624, '401008-CAM-18-SK-A21', 'A21', 440, 'SK', 'Tue', 'Campbelltown', '12:00:00', 'CA-15.G.11 (CPU)', 3, 728, 'Casual'),
(29625, '401008-CAM-19-SK-A21', 'A21', 440, 'SK', 'Tue', 'Campbelltown', '15:00:00', 'CA-15.G.18 (CPU)', 3, 726, 'Casual'),
(29626, '401008-CAM-3-WKa-A21', 'A21', 440, 'WKa', 'Tue', 'Campbelltown', '08:00:00', 'CA-11.1.04 (CLS)', 1, 728, 'Casual'),
(29627, '401008-CAM-4-WKa-A21', 'A21', 440, 'WKa', 'Tue', 'Campbelltown', '11:00:00', 'CA-04.G.22', 1, 726, 'Casual'),
(29628, '401008-CAM-11-WKa-A21', 'A21', 440, 'WKa', 'Tue', 'Campbelltown', '14:00:00', 'CA-11.1.05 (CLS)', 1, 689, 'Casual'),
(29629, '401008-CAM-10-WKa-A21', 'A21', 440, 'WKa', 'Fri', 'Campbelltown', '10:00:00', 'CA-04.G.06 (LR05)', 1, 732, 'Casual'),
(29630, '401008-CAM-7-SK-A21', 'A21', 440, 'SK', 'Thu', 'Campbelltown', '09:00:00', 'CA-15.G.11 (CPU)', 3, 744, 'Casual'),
(29631, '401008-CAM-8-SK-A21', 'A21', 440, 'SK', 'Thu', 'Campbelltown', '12:00:00', 'CA-15.G.11 (CPU)', 3, 728, 'Casual'),
(29632, '401008-CAM-13-SK-A21', 'A21', 440, 'SK', 'Thu', 'Campbelltown', '15:00:00', 'CA-15.G.11 (CPU)', 3, 744, 'Casual'),
(29633, '401008-CAM-23-SK-A21', 'A21', 440, 'SK', 'Thu', 'Campbelltown', '09:00:00', 'CA-15.G.18 (CPU)', 3, 684, 'Casual'),
(29634, '401008-CAM-5-SK-A21', 'A21', 440, 'SK', 'Wed', 'Campbelltown', '09:00:00', 'CA-15.G.11 (CPU)', 3, 748, 'Casual'),
(29635, '401008-CAM-6-SK-A21', 'A21', 440, 'SK', 'Wed', 'Campbelltown', '12:00:00', 'CA-15.G.11 (CPU)', 3, 728, 'Casual'),
(29636, '401008-CAM-12-SK-A21', 'A21', 440, 'SK', 'Wed', 'Campbelltown', '15:00:00', 'CA-15.G.11 (CPU)', 3, 753, 'Casual'),
(29637, '401008-CAM-20-SK-A21', 'A21', 440, 'SK', 'Wed', 'Campbelltown', '09:00:00', 'CA-15.G.18 (CPU)', 3, 751, 'Casual'),
(29638, '401008-CAM-21-SK-A21', 'A21', 440, 'SK', 'Wed', 'Campbelltown', '12:00:00', 'CA-15.G.18 (CPU)', 3, 751, 'Casual'),
(29639, '401008-CAM-22-SK-A21', 'A21', 440, 'SK', 'Wed', 'Campbelltown', '15:00:00', 'CA-15.G.18 (CPU)', 3, 751, 'Casual'),
(29640, '401008-CAM-24-SK-A21', 'A21', 440, 'SK', 'Thu', 'Campbelltown', '12:00:00', 'CA-15.G.18 (CPU)', 3, 684, 'Casual'),
(29641, '401008-CAM-25-SK-A21', 'A21', 440, 'SK', 'Thu', 'Campbelltown', '15:00:00', 'CA-15.G.18 (CPU)', 3, 684, 'Casual'),
(29642, '401008-CAM-7-WKa-A21', 'A21', 440, 'WKa', 'Thu', 'Campbelltown', '08:00:00', 'CA-11.1.04 (CLS)', 1, 744, 'Casual'),
(29643, '401008-CAM-8-WKa-A21', 'A21', 440, 'WKa', 'Thu', 'Campbelltown', '11:00:00', 'CA-04.G.23 (LR01)', 1, 728, 'Casual');
INSERT INTO `timetables` (`id`, `timetable_id`, `session`, `unit_code_id`, `activity_id`, `day`, `campus`, `start_time`, `location`, `hrs_per_week`, `staff_id`, `position_type`) VALUES
(29644, '401008-CAM-5-WKa-A21', 'A21', 440, 'WKa', 'Wed', 'Campbelltown', '08:00:00', 'CA-11.1.04 (CLS)', 1, 748, 'Casual'),
(29645, '401008-CAM-6-WKa-A21', 'A21', 440, 'WKa', 'Wed', 'Campbelltown', '11:00:00', 'CA-10.G.03 (CLS)', 1, 728, 'Casual'),
(29646, '401008-CAM-13-WKa-A21', 'A21', 440, 'WKa', 'Thu', 'Campbelltown', '14:00:00', 'CA-04.G.23 (LR01)', 1, 744, 'Casual'),
(29647, '401008-CAM-12-WKa-A21', 'A21', 440, 'WKa', 'Wed', 'Campbelltown', '14:00:00', 'CA-04.G.23 (LR01)', 1, 753, 'Casual'),
(29648, '401008-HAW-1-SK-A21', 'A21', 440, 'SK', 'Mon', 'Hawkesbury', '09:00:00', 'HW-H8.G.10 (Lab 1)', 3, 745, 'Casual'),
(29649, '401008-HAW-2-SK-A21', 'A21', 440, 'SK', 'Mon', 'Hawkesbury', '12:00:00', 'HW-H8.G.14 (Lab 2)', 3, 743, 'Casual'),
(29650, '401008-HAW-3-SK-A21', 'A21', 440, 'SK', 'Tue', 'Hawkesbury', '09:00:00', 'HW-H8.G.10 (Lab 1)', 3, 724, 'Casual'),
(29651, '401008-HAW-4-SK-A21', 'A21', 440, 'SK', 'Tue', 'Hawkesbury', '12:00:00', 'HW-H8.G.10 (Lab 1)', 3, 737, 'Casual'),
(29652, '401008-HAW-5-SK-A21', 'A21', 440, 'SK', 'Wed', 'Hawkesbury', '09:00:00', 'HW-H8.G.10 (Lab 1)', 3, 724, 'Casual'),
(29653, '401008-HAW-6-SK-A21', 'A21', 440, 'SK', 'Wed', 'Hawkesbury', '12:00:00', 'HW-H8.G.10 (Lab 1)', 3, 676, 'Casual'),
(29654, '401008-HAW-7-SK-A21', 'A21', 440, 'SK', 'Thu', 'Hawkesbury', '09:00:00', 'HW-H8.G.10 (Lab 1)', 3, 724, 'Casual'),
(29655, '401008-HAW-8-SK-A21', 'A21', 440, 'SK', 'Thu', 'Hawkesbury', '12:00:00', 'HW-H8.G.10 (Lab 1)', 3, 743, 'Casual'),
(29656, '401008-HAW-9-SK-A21', 'A21', 440, 'SK', 'Fri', 'Hawkesbury', '09:00:00', 'HW-H8.G.10 (Lab 1)', 3, 765, 'Casual'),
(29657, '401008-HAW-10-SK-A21', 'A21', 440, 'SK', 'Fri', 'Hawkesbury', '12:00:00', 'HW-H8.G.10 (Lab 1)', 3, 754, 'Casual'),
(29658, '401008-HAW-11-SK-A21', 'A21', 440, 'SK', 'Mon', 'Hawkesbury', '09:00:00', 'HW-H8.G.14 (Lab 2)', 3, 676, 'Casual'),
(29659, '401008-HAW-12-SK-A21', 'A21', 440, 'SK', 'Mon', 'Hawkesbury', '12:00:00', 'HW-H8.G.10 (Lab 1)', 3, 677, 'Casual'),
(29660, '401008-HAW-13-SK-A21', 'A21', 440, 'SK', 'Tue', 'Hawkesbury', '09:00:00', 'HW-H8.G.14 (Lab 2)', 3, 765, 'Casual'),
(29661, '401008-HAW-14-SK-A21', 'A21', 440, 'SK', 'Tue', 'Hawkesbury', '12:00:00', 'HW-H8.G.14 (Lab 2)', 3, 724, 'Casual'),
(29662, '401008-HAW-15-SK-A21', 'A21', 440, 'SK', 'Wed', 'Hawkesbury', '09:00:00', 'HW-H8.G.14 (Lab 2)', 3, 765, 'Casual'),
(29663, '401008-HAW-16-SK-A21', 'A21', 440, 'SK', 'Wed', 'Hawkesbury', '12:00:00', 'HW-H8.G.14 (Lab 2)', 3, 724, 'Casual'),
(29664, '401008-HAW-17-SK-A21', 'A21', 440, 'SK', 'Thu', 'Hawkesbury', '09:00:00', 'HW-H8.G.14 (Lab 2)', 3, 765, 'Casual'),
(29665, '401008-HAW-18-SK-A21', 'A21', 440, 'SK', 'Thu', 'Hawkesbury', '12:00:00', 'HW-H8.G.14 (Lab 2)', 3, 724, 'Casual'),
(29666, '401008-HAW-19-SK-A21', 'A21', 440, 'SK', 'Fri', 'Hawkesbury', '09:00:00', 'HW-H8.G.14 (Lab 2)', 3, 691, 'Casual'),
(29667, '401008-HAW-20-SK-A21', 'A21', 440, 'SK', 'Fri', 'Hawkesbury', '12:00:00', 'HW-H8.G.14 (Lab 2)', 3, 691, 'Casual'),
(29668, '401008-HAW-21-SK-A21', 'A21', 440, 'SK', 'Tue', 'Hawkesbury', '15:00:00', 'HW-H8.G.10 (Lab 1)', 3, 672, 'Casual'),
(29669, '401008-HAW-22-SK-A21', 'A21', 440, 'SK', 'Tue', 'Hawkesbury', '15:00:00', 'HW-H8.G.14 (Lab 2)', 3, 765, 'Casual'),
(29670, '401008-HAW-1-WKa-A21', 'A21', 440, 'WKa', 'Mon', 'Hawkesbury', '08:00:00', 'HW-H7.G.07', 1, 745, 'Casual'),
(29671, '401008-HAW-2-WKa-A21', 'A21', 440, 'WKa', 'Mon', 'Hawkesbury', '11:00:00', 'HW-H7.G.14', 1, 743, 'Casual'),
(29672, '401008-HAW-3-WKa-A21', 'A21', 440, 'WKa', 'Tue', 'Hawkesbury', '08:00:00', 'HW-H7.G.07', 1, 724, 'Casual'),
(29673, '401008-HAW-4-WKa-A21', 'A21', 440, 'WKa', 'Tue', 'Hawkesbury', '11:00:00', 'HW-H7.G.07', 1, 737, 'Casual'),
(29674, '401008-HAW-5-WKa-A21', 'A21', 440, 'WKa', 'Wed', 'Hawkesbury', '08:00:00', 'HW-H7.G.07', 1, 724, 'Casual'),
(29675, '401008-HAW-6-WKa-A21', 'A21', 440, 'WKa', 'Wed', 'Hawkesbury', '10:00:00', 'HW-G6.1.16', 1, 676, 'Casual'),
(29676, '401008-HAW-7-WKa-A21', 'A21', 440, 'WKa', 'Thu', 'Hawkesbury', '08:00:00', 'HW-H7.G.07', 1, 724, 'Casual'),
(29677, '401008-HAW-8-WKa-A21', 'A21', 440, 'WKa', 'Thu', 'Hawkesbury', '11:00:00', 'HW-M3.G.14', 1, 743, 'Casual'),
(29678, '401008-HAW-9-WKa-A21', 'A21', 440, 'WKa', 'Fri', 'Hawkesbury', '08:00:00', 'HW-H7.G.07', 1, 765, 'Casual'),
(29679, '401008-HAW-10-WKa-A21', 'A21', 440, 'WKa', 'Fri', 'Hawkesbury', '11:00:00', 'HW-H7.G.14', 1, 754, 'Casual'),
(29680, '401008-HAW-11-WKa-A21', 'A21', 440, 'WKa', 'Tue', 'Hawkesbury', '14:00:00', 'HW-M3.G.14', 1, 672, 'Casual'),
(29681, '401008-LIV-1-SK-A21', 'A21', 440, 'SK', 'Wed', 'Liverpool', '09:00:00', 'LP-03.3.01 (CPU)', 3, 688, 'Casual'),
(29682, '401008-LIV-2-SK-A21', 'A21', 440, 'SK', 'Wed', 'Liverpool', '09:00:00', 'LP-03.3.02 (CPU)', 3, 720, 'Casual'),
(29683, '401008-LIV-3-SK-A21', 'A21', 440, 'SK', 'Wed', 'Liverpool', '12:00:00', 'LP-03.3.01 (CPU)', 3, 680, 'Casual'),
(29684, '401008-LIV-4-SK-A21', 'A21', 440, 'SK', 'Wed', 'Liverpool', '12:00:00', 'LP-03.3.02 (CPU)', 3, 720, 'Casual'),
(29685, '401008-LIV-5-SK-A21', 'A21', 440, 'SK', 'Wed', 'Liverpool', '15:00:00', 'LP-03.3.01 (CPU)', 3, 688, 'Casual'),
(29686, '401008-LIV-6-SK-A21', 'A21', 440, 'SK', 'Wed', 'Liverpool', '15:00:00', 'LP-03.3.02 (CPU)', 3, 767, 'Casual'),
(29687, '401008-LIV-7-SK-A21', 'A21', 440, 'SK', 'Thu', 'Liverpool', '09:00:00', 'LP-03.3.01 (CPU)', 3, 720, 'Casual'),
(29688, '401008-LIV-8-SK-A21', 'A21', 440, 'SK', 'Thu', 'Liverpool', '09:00:00', 'LP-03.3.02 (CPU)', 3, 749, 'Casual'),
(29689, '401008-LIV-9-SK-A21', 'A21', 440, 'SK', 'Thu', 'Liverpool', '12:00:00', 'LP-03.3.01 (CPU)', 3, 767, 'Casual'),
(29690, '401008-LIV-10-SK-A21', 'A21', 440, 'SK', 'Thu', 'Liverpool', '12:00:00', 'LP-03.3.02 (CPU)', 3, 759, 'Casual'),
(29691, '401008-LIV-11-SK-A21', 'A21', 440, 'SK', 'Thu', 'Liverpool', '15:00:00', 'LP-03.3.01 (CPU)', 3, 688, 'Casual'),
(29692, '401008-LIV-1-WKa-A21', 'A21', 440, 'WKa', 'Wed', 'Liverpool', '08:00:00', 'LP-03.5.02 (LS)', 1, 688, 'Casual'),
(29693, '401008-LIV-2-WKa-A21', 'A21', 440, 'WKa', 'Wed', 'Liverpool', '11:00:00', 'LP-03.4.02 (LS)', 1, 680, 'Casual'),
(29694, '401008-LIV-3-WKa-A21', 'A21', 440, 'WKa', 'Wed', 'Liverpool', '14:00:00', 'LP-03.5.02 (LS)', 1, 688, 'Casual'),
(29695, '401008-LIV-4-WKa-A21', 'A21', 440, 'WKa', 'Thu', 'Liverpool', '08:00:00', 'LP-03.4.01 (LS)', 1, 720, 'Casual'),
(29696, '401008-LIV-5-WKa-A21', 'A21', 440, 'WKa', 'Thu', 'Liverpool', '11:00:00', 'LP-03.5.02 (LS)', 1, 767, 'Casual'),
(29697, '401008-LIV-6-WKa-A21', 'A21', 440, 'WKa', 'Thu', 'Liverpool', '13:00:00', 'LP-03.4.02 (LS)', 1, 688, 'Casual'),
(29698, '401008-PAR-1-SK-A21', 'A21', 440, 'SK', 'Mon', 'Parramatta', '09:00:00', 'PS-EB.1.25 (CPU)', 3, 670, 'Casual'),
(29699, '401008-PAR-2-SK-A21', 'A21', 440, 'SK', 'Mon', 'Parramatta', '12:00:00', 'PS-EB.1.25 (CPU)', 3, 669, 'Casual'),
(29700, '401008-PAR-3-SK-A21', 'A21', 440, 'SK', 'Mon', 'Parramatta', '15:00:00', 'PS-EB.1.25 (CPU)', 3, 670, 'Casual'),
(29701, '401008-PAR-4-SK-A21', 'A21', 440, 'SK', 'Tue', 'Parramatta', '09:00:00', 'PS-EB.1.25 (CPU)', 3, 766, 'Casual'),
(29702, '401008-PAR-5-SK-A21', 'A21', 440, 'SK', 'Tue', 'Parramatta', '12:00:00', 'PS-EB.1.25 (CPU)', 3, 734, 'Casual'),
(29703, '401008-PAR-6-SK-A21', 'A21', 440, 'SK', 'Tue', 'Parramatta', '15:00:00', 'PS-EB.1.25 (CPU)', 3, 766, 'Casual'),
(29704, '401008-PAR-7-SK-A21', 'A21', 440, 'SK', 'Wed', 'Parramatta', '09:00:00', 'PS-EB.1.25 (CPU)', 3, 745, 'Casual'),
(29705, '401008-PAR-8-SK-A21', 'A21', 440, 'SK', 'Wed', 'Parramatta', '12:00:00', 'PS-EB.1.25 (CPU)', 3, 660, 'Casual'),
(29706, '401008-PAR-9-SK-A21', 'A21', 440, 'SK', 'Wed', 'Parramatta', '15:00:00', 'PS-EB.1.25 (CPU)', 3, 745, 'Casual'),
(29707, '401008-PAR-10-SK-A21', 'A21', 440, 'SK', 'Thu', 'Parramatta', '09:00:00', 'PS-EB.1.25 (CPU)', 3, 665, 'Casual'),
(29708, '401008-PAR-11-SK-A21', 'A21', 440, 'SK', 'Thu', 'Parramatta', '12:00:00', 'PS-EB.1.25 (CPU)', 3, 660, 'Casual'),
(29709, '401008-PAR-12-SK-A21', 'A21', 440, 'SK', 'Thu', 'Parramatta', '15:00:00', 'PS-EB.1.25 (CPU)', 3, 670, 'Casual'),
(29710, '401008-PAR-13-SK-A21', 'A21', 440, 'SK', 'Fri', 'Parramatta', '09:00:00', 'PS-EB.1.25 (CPU)', 3, 742, 'Casual'),
(29711, '401008-PAR-14-SK-A21', 'A21', 440, 'SK', 'Fri', 'Parramatta', '12:00:00', 'PS-EB.1.25 (CPU)', 3, 680, 'Casual'),
(29712, '401008-PAR-15-SK-A21', 'A21', 440, 'SK', 'Fri', 'Parramatta', '15:00:00', 'PS-EB.1.25 (CPU)', 3, 742, 'Casual'),
(29713, '401008-PAR-16-SK-A21', 'A21', 440, 'SK', 'Mon', 'Parramatta', '09:00:00', 'PS-EB.1.23 (CPU)', 3, 691, 'Casual'),
(29714, '401008-PAR-17-SK-A21', 'A21', 440, 'SK', 'Mon', 'Parramatta', '12:00:00', 'PS-EB.1.23 (CPU)', 3, 691, 'Casual'),
(29715, '401008-PAR-18-SK-A21', 'A21', 440, 'SK', 'Mon', 'Parramatta', '15:00:00', 'PS-EB.1.23 (CPU)', 3, 691, 'Casual'),
(29716, '401008-PAR-19-SK-A21', 'A21', 440, 'SK', 'Tue', 'Parramatta', '09:00:00', 'PS-EB.1.23 (CPU)', 3, 729, 'Casual'),
(29717, '401008-PAR-20-SK-A21', 'A21', 440, 'SK', 'Tue', 'Parramatta', '12:00:00', 'PS-EB.1.23 (CPU)', 3, 729, 'Casual'),
(29718, '401008-PAR-21-SK-A21', 'A21', 440, 'SK', 'Tue', 'Parramatta', '15:00:00', 'PS-EB.1.23 (CPU)', 3, 734, 'Casual'),
(29719, '401008-PAR-22-SK-A21', 'A21', 440, 'SK', 'Wed', 'Parramatta', '09:00:00', 'PS-EB.1.23 (CPU)', 3, 675, 'Casual'),
(29720, '401008-PAR-23-SK-A21', 'A21', 440, 'SK', 'Wed', 'Parramatta', '12:00:00', 'PS-EB.1.23 (CPU)', 3, 675, 'Casual'),
(29721, '401008-PAR-24-SK-A21', 'A21', 440, 'SK', 'Wed', 'Parramatta', '15:00:00', 'PS-EB.1.23 (CPU)', 3, 675, 'Casual'),
(29722, '401008-PAR-25-SK-A21', 'A21', 440, 'SK', 'Thu', 'Parramatta', '09:00:00', 'PS-EB.1.23 (CPU)', 3, 745, 'Casual'),
(29723, '401008-PAR-26-SK-A21', 'A21', 440, 'SK', 'Thu', 'Parramatta', '12:00:00', 'PS-EB.1.23 (CPU)', 3, 745, 'Casual'),
(29724, '401008-PAR-27-SK-A21', 'A21', 440, 'SK', 'Thu', 'Parramatta', '15:00:00', 'PS-EB.1.23 (CPU)', 3, 745, 'Casual'),
(29725, '401008-PAR-28-SK-A21', 'A21', 440, 'SK', 'Fri', 'Parramatta', '09:00:00', 'PS-EB.1.23 (CPU)', 3, 745, 'Casual'),
(29726, '401008-PAR-29-SK-A21', 'A21', 440, 'SK', 'Fri', 'Parramatta', '12:00:00', 'PS-EB.1.23 (CPU)', 3, 670, 'Casual'),
(29727, '401008-PAR-30-SK-A21', 'A21', 440, 'SK', 'Fri', 'Parramatta', '15:00:00', 'PS-EB.1.23 (CPU)', 3, 670, 'Casual'),
(29728, '401008-PAR-31-SK-A21', 'A21', 440, 'SK', 'Tue', 'Parramatta', '18:00:00', 'PS-EB.1.25 (CPU)', 3, 763, 'Casual'),
(29729, '401008-PAR-32-SK-A21', 'A21', 440, 'SK', 'Tue', 'Parramatta', '18:00:00', 'PS-EB.1.23 (CPU)', 3, 734, 'Casual'),
(29730, '401008-PAR-33-SK-A21', 'A21', 440, 'SK', 'Wed', 'Parramatta', '18:00:00', 'PS-EB.1.25 (CPU)', 3, 763, 'Casual'),
(29731, '401008-PAR-34-SK-A21', 'A21', 440, 'SK', 'Wed', 'Parramatta', '18:00:00', 'PS-EB.1.23 (CPU)', 3, 675, 'Casual'),
(29732, '401008-PAR-1-WKa-A21', 'A21', 440, 'WKa', 'Mon', 'Parramatta', '08:00:00', 'PS-EB.G.22 (CLS)', 1, 670, 'Casual'),
(29733, '401008-PAR-2-WKa-A21', 'A21', 440, 'WKa', 'Mon', 'Parramatta', '11:00:00', 'PS-EB.G.36 (CLS)', 1, 669, 'Casual'),
(29734, '401008-PAR-3-WKa-A21', 'A21', 440, 'WKa', 'Mon', 'Parramatta', '14:00:00', 'PS-EA.1.31 (CLS)', 1, 670, 'Casual'),
(29735, '401008-PAR-4-WKa-A21', 'A21', 440, 'WKa', 'Tue', 'Parramatta', '08:00:00', 'PS-EB.3.37 (CLS)', 1, 766, 'Casual'),
(29736, '401008-PAR-5-WKa-A21', 'A21', 440, 'WKa', 'Tue', 'Parramatta', '10:00:00', 'PS-EB.G.33 (CLS)', 1, 734, 'Casual'),
(29737, '401008-PAR-6-WKa-A21', 'A21', 440, 'WKa', 'Tue', 'Parramatta', '14:00:00', 'PS-EA.G.38 (CLS)', 1, 766, 'Casual'),
(29738, '401008-PAR-7-WKa-A21', 'A21', 440, 'WKa', 'Wed', 'Parramatta', '08:00:00', 'PS-EB.3.37 (CLS)', 1, 745, 'Casual'),
(29739, '401008-PAR-8-WKa-A21', 'A21', 440, 'WKa', 'Wed', 'Parramatta', '08:00:00', 'PS-EA.1.07 (CLS)', 1, 675, 'Casual'),
(29740, '401008-PAR-9-WKa-A21', 'A21', 440, 'WKa', 'Wed', 'Parramatta', '14:00:00', 'PS-EB.G.37 (CLS)', 1, 745, 'Casual'),
(29741, '401008-PAR-10-WKa-A21', 'A21', 440, 'WKa', 'Thu', 'Parramatta', '08:00:00', 'PS-EB.G.22 (CLS)', 1, 665, 'Casual'),
(29742, '401008-PAR-11-WKa-A21', 'A21', 440, 'WKa', 'Thu', 'Parramatta', '11:00:00', 'PS-EB.G.37 (CLS)', 1, 660, 'Casual'),
(29743, '401008-PAR-12-WKa-A21', 'A21', 440, 'WKa', 'Thu', 'Parramatta', '14:00:00', 'PS-EB.G.33 (CLS)', 1, 670, 'Casual'),
(29744, '401008-PAR-13-WKa-A21', 'A21', 440, 'WKa', 'Fri', 'Parramatta', '08:00:00', 'PS-EB.G.22 (CLS)', 1, 742, 'Casual'),
(29745, '401008-PAR-14-WKa-A21', 'A21', 440, 'WKa', 'Fri', 'Parramatta', '11:00:00', 'PS-EA.1.29 (CLS)', 1, 680, 'Casual'),
(29746, '401008-PAR-15-WKa-A21', 'A21', 440, 'WKa', 'Fri', 'Parramatta', '14:00:00', 'PS-EB.3.18 (CLS)', 1, 742, 'Casual'),
(29747, '401008-PAR-16-WKa-A21', 'A21', 440, 'WKa', 'Tue', 'Parramatta', '17:00:00', 'PS-EB.3.33 (CLS)', 1, 763, 'Casual'),
(29748, '401008-PAR-17-WKa-A21', 'A21', 440, 'WKa', 'Wed', 'Parramatta', '17:00:00', 'PS-EB.3.33A (CLS)', 1, 763, 'Casual'),
(29749, '401016-CAM-1-SK-A21', 'A21', 481, 'SK', 'Mon', 'Campbelltown', '09:00:00', 'CA-15.G.17 (CPU)', 2, 725, 'Casual'),
(29750, '401016-CAM-2-SK-A21', 'A21', 481, 'SK', 'Mon', 'Campbelltown', '11:00:00', 'CA-15.G.17 (CPU)', 2, 684, 'Casual'),
(29751, '401016-CAM-3-SK-A21', 'A21', 481, 'SK', 'Mon', 'Campbelltown', '13:00:00', 'CA-15.G.17 (CPU)', 2, 725, 'Casual'),
(29752, '401016-CAM-16-SK-A21', 'A21', 481, 'SK', 'Mon', 'Campbelltown', '15:00:00', 'CA-15.G.17 (CPU)', 2, 749, 'Casual'),
(29753, '401016-CAM-1-WKa-A21', 'A21', 481, 'WKa', 'Mon', 'Campbelltown', '08:00:00', 'CA-10.G.13 (CLS)', 1, 725, 'Casual'),
(29754, '401016-CAM-2-WKa-A21', 'A21', 481, 'WKa', 'Mon', 'Campbelltown', '10:00:00', 'CA-10.G.15 (CLS)', 1, 684, 'Casual'),
(29755, '401016-CAM-3-WKa-A21', 'A21', 481, 'WKa', 'Mon', 'Campbelltown', '12:00:00', 'CA-10.G.16 (CLS)', 1, 725, 'Casual'),
(29756, '401016-CAM-16-WKa-A21', 'A21', 481, 'WKa', 'Mon', 'Campbelltown', '13:00:00', 'CA-11.G.05 (CLS)', 1, 749, 'Casual'),
(29757, '401016-CAM-4-SK-A21', 'A21', 481, 'SK', 'Tue', 'Campbelltown', '09:00:00', 'CA-15.G.17 (CPU)', 2, 774, 'Casual'),
(29758, '401016-CAM-10-SK-A21', 'A21', 481, 'SK', 'Thu', 'Campbelltown', '09:00:00', 'CA-15.G.17 (CPU)', 2, 774, 'Casual'),
(29759, '401016-CAM-11-SK-A21', 'A21', 481, 'SK', 'Thu', 'Campbelltown', '11:00:00', 'CA-15.G.17 (CPU)', 2, 785, 'Casual'),
(29760, '401016-CAM-12-SK-A21', 'A21', 481, 'SK', 'Thu', 'Campbelltown', '13:00:00', 'CA-15.G.17 (CPU)', 2, 774, 'Casual'),
(29761, '401016-CAM-13-SK-A21', 'A21', 481, 'SK', 'Fri', 'Campbelltown', '09:00:00', 'CA-15.G.17 (CPU)', 2, 785, 'Casual'),
(29762, '401016-CAM-14-SK-A21', 'A21', 481, 'SK', 'Fri', 'Campbelltown', '11:00:00', 'CA-15.G.17 (CPU)', 2, 749, 'Casual'),
(29763, '401016-CAM-15-SK-A21', 'A21', 481, 'SK', 'Fri', 'Campbelltown', '13:00:00', 'CA-15.G.17 (CPU)', 2, 785, 'Casual'),
(29764, '401016-CAM-5-SK-A21', 'A21', 481, 'SK', 'Tue', 'Campbelltown', '11:00:00', 'CA-15.G.17 (CPU)', 2, 753, 'Casual'),
(29765, '401016-CAM-6-SK-A21', 'A21', 481, 'SK', 'Tue', 'Campbelltown', '13:00:00', 'CA-15.G.17 (CPU)', 2, 774, 'Casual'),
(29766, '401016-CAM-17-SK-A21', 'A21', 481, 'SK', 'Tue', 'Campbelltown', '15:00:00', 'CA-15.G.17 (CPU)', 2, 753, 'Casual'),
(29767, '401016-CAM-19-SK-A21', 'A21', 481, 'SK', 'Thu', 'Campbelltown', '15:00:00', 'CA-15.G.17 (CPU)', 2, 785, 'Casual'),
(29768, '401016-CAM-20-SK-A21', 'A21', 481, 'SK', 'Fri', 'Campbelltown', '15:00:00', 'CA-15.G.17 (CPU)', 2, 749, 'Casual'),
(29769, '401016-CAM-21-SK-A21', 'A21', 481, 'SK', 'Tue', 'Campbelltown', '17:00:00', 'CA-15.G.17 (CPU)', 2, 774, 'Casual'),
(29770, '401016-CAM-4-WKa-A21', 'A21', 481, 'WKa', 'Tue', 'Campbelltown', '08:00:00', 'CA-10.G.13 (CLS)', 1, 774, 'Casual'),
(29771, '401016-CAM-5-WKa-A21', 'A21', 481, 'WKa', 'Tue', 'Campbelltown', '10:00:00', 'CA-10.1.06 (CLS)', 1, 753, 'Casual'),
(29772, '401016-CAM-6-WKa-A21', 'A21', 481, 'WKa', 'Tue', 'Campbelltown', '12:00:00', 'CA-10.1.06 (CLS)', 1, 774, 'Casual'),
(29773, '401016-CAM-17-WKa-A21', 'A21', 481, 'WKa', 'Tue', 'Campbelltown', '13:00:00', 'CA-11.1.05 (CLS)', 1, 753, 'Casual'),
(29774, '401016-CAM-21-WKa-A21', 'A21', 481, 'WKa', 'Tue', 'Campbelltown', '16:00:00', 'CA-04.G.06 (LR05)', 1, 774, 'Casual'),
(29775, '401016-CAM-7-SK-A21', 'A21', 481, 'SK', 'Wed', 'Campbelltown', '09:00:00', 'CA-15.G.17 (CPU)', 2, 725, 'Casual'),
(29776, '401016-CAM-8-SK-A21', 'A21', 481, 'SK', 'Wed', 'Campbelltown', '11:00:00', 'CA-15.G.17 (CPU)', 2, 684, 'Casual'),
(29777, '401016-CAM-9-SK-A21', 'A21', 481, 'SK', 'Wed', 'Campbelltown', '13:00:00', 'CA-15.G.17 (CPU)', 2, 725, 'Casual'),
(29778, '401016-CAM-18-SK-A21', 'A21', 481, 'SK', 'Wed', 'Campbelltown', '15:00:00', 'CA-15.G.17 (CPU)', 2, 684, 'Casual'),
(29779, '401016-CAM-22-SK-A21', 'A21', 481, 'SK', 'Wed', 'Campbelltown', '17:00:00', 'CA-15.G.17 (CPU)', 2, 685, 'Casual'),
(29780, '401016-CAM-10-WKa-A21', 'A21', 481, 'WKa', 'Thu', 'Campbelltown', '08:00:00', 'CA-10.G.06 (CLS)', 1, 774, 'Casual'),
(29781, '401016-CAM-11-WKa-A21', 'A21', 481, 'WKa', 'Thu', 'Campbelltown', '10:00:00', 'CA-10.G.15 (CLS)', 1, 785, 'Casual'),
(29782, '401016-CAM-12-WKa-A21', 'A21', 481, 'WKa', 'Thu', 'Campbelltown', '12:00:00', 'CA-10.G.06 (CLS)', 1, 774, 'Casual'),
(29783, '401016-CAM-13-WKa-A21', 'A21', 481, 'WKa', 'Fri', 'Campbelltown', '08:00:00', 'CA-10.1.06 (CLS)', 1, 785, 'Casual'),
(29784, '401016-CAM-14-WKa-A21', 'A21', 481, 'WKa', 'Fri', 'Campbelltown', '10:00:00', 'CA-04.G.23 (LR01)', 1, 749, 'Casual'),
(29785, '401016-CAM-15-WKa-A21', 'A21', 481, 'WKa', 'Fri', 'Campbelltown', '12:00:00', 'CA-10.G.06 (CLS)', 1, 785, 'Casual'),
(29786, '401016-CAM-7-WKa-A21', 'A21', 481, 'WKa', 'Wed', 'Campbelltown', '08:00:00', 'CA-10.G.13 (CLS)', 1, 725, 'Casual'),
(29787, '401016-CAM-8-WKa-A21', 'A21', 481, 'WKa', 'Wed', 'Campbelltown', '10:00:00', 'CA-11.G.04 (CLS)', 1, 684, 'Casual'),
(29788, '401016-CAM-9-WKa-A21', 'A21', 481, 'WKa', 'Wed', 'Campbelltown', '12:00:00', 'CA-11.G.04 (CLS)', 1, 725, 'Casual'),
(29789, '401016-CAM-19-WKa-A21', 'A21', 481, 'WKa', 'Thu', 'Campbelltown', '14:00:00', 'CA-10.G.14 (CLS)', 1, 785, 'Casual'),
(29790, '401016-CAM-20-WKa-A21', 'A21', 481, 'WKa', 'Fri', 'Campbelltown', '14:00:00', 'CA-11.1.04 (CLS)', 1, 749, 'Casual'),
(29791, '401016-CAM-18-WKa-A21', 'A21', 481, 'WKa', 'Wed', 'Campbelltown', '14:00:00', 'CA -10.1.03 (CLS)', 1, 684, 'Casual'),
(29792, '401016-CAM-22-WKa-A21', 'A21', 481, 'WKa', 'Wed', 'Campbelltown', '16:00:00', 'CA-11.G.04 (CLS)', 1, 685, 'Casual'),
(29793, '401016-HAW-1-SK-A21', 'A21', 481, 'SK', 'Mon', 'Hawkesbury', '09:00:00', 'HW-H8.G.24 (Lab 5)', 2, 770, 'Casual'),
(29794, '401016-HAW-2-SK-A21', 'A21', 481, 'SK', 'Mon', 'Hawkesbury', '11:00:00', 'HW-H8.G.24 (Lab 5)', 2, 671, 'Casual'),
(29795, '401016-HAW-3-SK-A21', 'A21', 481, 'SK', 'Mon', 'Hawkesbury', '13:00:00', 'HW-H8.G.24 (Lab 5)', 2, 770, 'Casual'),
(29796, '401016-HAW-4-SK-A21', 'A21', 481, 'SK', 'Tue', 'Hawkesbury', '09:00:00', 'HW-H8.G.24 (Lab 5)', 2, 768, 'Casual'),
(29797, '401016-HAW-5-SK-A21', 'A21', 481, 'SK', 'Tue', 'Hawkesbury', '11:00:00', 'HW-H8.G.24 (Lab 5)', 2, 671, 'Casual'),
(29798, '401016-HAW-6-SK-A21', 'A21', 481, 'SK', 'Tue', 'Hawkesbury', '13:00:00', 'HW-H8.G.24 (Lab 5)', 2, 768, 'Casual'),
(29799, '401016-HAW-7-SK-A21', 'A21', 481, 'SK', 'Wed', 'Hawkesbury', '09:00:00', 'HW-H8.G.24 (Lab 5)', 2, 768, 'Casual'),
(29800, '401016-HAW-8-SK-A21', 'A21', 481, 'SK', 'Wed', 'Hawkesbury', '11:00:00', 'HW-H8.G.24 (Lab 5)', 2, 776, 'Casual'),
(29801, '401016-HAW-9-SK-A21', 'A21', 481, 'SK', 'Wed', 'Hawkesbury', '13:00:00', 'HW-H8.G.24 (Lab 5)', 2, 768, 'Casual'),
(29802, '401016-HAW-10-SK-A21', 'A21', 481, 'SK', 'Thu', 'Hawkesbury', '09:00:00', 'HW-H8.G.24 (Lab 5)', 2, 773, 'Casual'),
(29803, '401016-HAW-11-SK-A21', 'A21', 481, 'SK', 'Thu', 'Hawkesbury', '11:00:00', 'HW-H8.G.24 (Lab 5)', 2, 772, 'Casual'),
(29804, '401016-HAW-12-SK-A21', 'A21', 481, 'SK', 'Thu', 'Hawkesbury', '13:00:00', 'HW-H8.G.24 (Lab 5)', 2, 773, 'Casual'),
(29805, '401016-HAW-13-SK-A21', 'A21', 481, 'SK', 'Fri', 'Hawkesbury', '09:00:00', 'HW-H8.G.24 (Lab 5)', 2, 796, 'Casual'),
(29806, '401016-HAW-14-SK-A21', 'A21', 481, 'SK', 'Fri', 'Hawkesbury', '11:00:00', 'HW-H8.G.24 (Lab 5)', 2, 776, 'Casual'),
(29807, '401016-HAW-15-SK-A21', 'A21', 481, 'SK', 'Fri', 'Hawkesbury', '13:00:00', 'HW-H8.G.24 (Lab 5)', 2, 796, 'Casual'),
(29808, '401016-HAW-16-SK-A21', 'A21', 481, 'SK', 'Mon', 'Hawkesbury', '15:00:00', 'HW-H8.G.24 (Lab 5)', 2, 772, 'Casual'),
(29809, '401016-HAW-17-SK-A21', 'A21', 481, 'SK', 'Tue', 'Hawkesbury', '15:00:00', 'HW-H8.G.24 (Lab 5)', 2, 772, 'Casual'),
(29810, '401016-HAW-18-SK-A21', 'A21', 481, 'SK', 'Wed', 'Hawkesbury', '15:00:00', 'HW-H8.G.24 (Lab 5)', 2, 776, 'Casual'),
(29811, '401016-HAW-19-SK-A21', 'A21', 481, 'SK', 'Thu', 'Hawkesbury', '15:00:00', 'HW-H8.G.24 (Lab 5)', 2, 770, 'Casual'),
(29812, '401016-HAW-20-SK-A21', 'A21', 481, 'SK', 'Fri', 'Hawkesbury', '15:00:00', 'HW-H8.G.24 (Lab 5)', 2, 776, 'Casual'),
(29813, '401016-HAW-21-SK-A21', 'A21', 481, 'SK', 'Tue', 'Hawkesbury', '17:00:00', 'HW-H8.G.24 (Lab 5)', 2, 671, 'Casual'),
(29814, '401016-HAW-1-WKa-A21', 'A21', 481, 'WKa', 'Mon', 'Hawkesbury', '08:00:00', 'HW-H7.G.11', 1, 770, 'Casual'),
(29815, '401016-HAW-2-WKa-A21', 'A21', 481, 'WKa', 'Mon', 'Hawkesbury', '10:00:00', 'HW-H7.G.07', 1, 671, 'Casual'),
(29816, '401016-HAW-3-WKa-A21', 'A21', 481, 'WKa', 'Mon', 'Hawkesbury', '12:00:00', 'HW-H7.G.07', 1, 770, 'Casual'),
(29817, '401016-HAW-4-WKa-A21', 'A21', 481, 'WKa', 'Tue', 'Hawkesbury', '08:00:00', 'HW-H7.G.11', 1, 768, 'Casual'),
(29818, '401016-HAW-5-WKa-A21', 'A21', 481, 'WKa', 'Tue', 'Hawkesbury', '10:00:00', 'HW-H7.G.07', 1, 671, 'Casual'),
(29819, '401016-HAW-6-WKa-A21', 'A21', 481, 'WKa', 'Tue', 'Hawkesbury', '12:00:00', 'HW-H7.G.07', 1, 768, 'Casual'),
(29820, '401016-HAW-7-WKa-A21', 'A21', 481, 'WKa', 'Wed', 'Hawkesbury', '08:00:00', 'HW-H7.G.11', 1, 768, 'Casual'),
(29821, '401016-HAW-8-WKa-A21', 'A21', 481, 'WKa', 'Wed', 'Hawkesbury', '10:00:00', 'HW-M3.G.15', 1, 776, 'Casual'),
(29822, '401016-HAW-9-WKa-A21', 'A21', 481, 'WKa', 'Wed', 'Hawkesbury', '12:00:00', 'HW-G6.1.16 (CLS)', 1, 768, 'Casual'),
(29823, '401016-HAW-10-WKa-A21', 'A21', 481, 'WKa', 'Thu', 'Hawkesbury', '08:00:00', 'HW-H7.G.11', 1, 773, 'Casual'),
(29824, '401016-HAW-11-WKa-A21', 'A21', 481, 'WKa', 'Thu', 'Hawkesbury', '10:00:00', 'HW-H7.G.11', 1, 772, 'Casual'),
(29825, '401016-HAW-12-WKa-A21', 'A21', 481, 'WKa', 'Thu', 'Hawkesbury', '12:00:00', 'HW-M3.G.14', 1, 773, 'Casual'),
(29826, '401016-HAW-13-WKa-A21', 'A21', 481, 'WKa', 'Fri', 'Hawkesbury', '08:00:00', 'HW-H7.G.11', 1, 796, 'Casual'),
(29827, '401016-HAW-14-WKa-A21', 'A21', 481, 'WKa', 'Fri', 'Hawkesbury', '10:00:00', 'HW-H7.G.14', 1, 776, 'Casual'),
(29828, '401016-HAW-15-WKa-A21', 'A21', 481, 'WKa', 'Fri', 'Hawkesbury', '12:00:00', 'HW-H7.G.14', 1, 796, 'Casual'),
(29829, '401016-HAW-16-WKa-A21', 'A21', 481, 'WKa', 'Mon', 'Hawkesbury', '14:00:00', 'HW-H7.G.12', 1, 772, 'Casual'),
(29830, '401016-HAW-17-WKa-A21', 'A21', 481, 'WKa', 'Tue', 'Hawkesbury', '14:00:00', 'HW-M3.1.08', 1, 772, 'Casual'),
(29831, '401016-HAW-18-WKa-A21', 'A21', 481, 'WKa', 'Wed', 'Hawkesbury', '14:00:00', 'HW-H7.G.14', 1, 776, 'Casual'),
(29832, '401016-HAW-19-WKa-A21', 'A21', 481, 'WKa', 'Thu', 'Hawkesbury', '14:00:00', 'HW-H7.G.11', 1, 770, 'Casual'),
(29833, '401016-HAW-20-WKa-A21', 'A21', 481, 'WKa', 'Fri', 'Hawkesbury', '14:00:00', 'HW-H7.G.12', 1, 776, 'Casual'),
(29834, '401016-HAW-21-WKa-A21', 'A21', 481, 'WKa', 'Tue', 'Hawkesbury', '16:00:00', 'HW-H7.G.07', 1, 671, 'Casual'),
(29835, '401016-LIV-3-SK-A21', 'A21', 481, 'SK', 'Fri', 'Liverpool', '09:00:00', 'LP-03.3.01 (CPU)', 2, 725, 'Casual'),
(29836, '401016-LIV-4-SK-A21', 'A21', 481, 'SK', 'Fri', 'Liverpool', '09:00:00', 'LP-03.3.02 (CPU)', 2, 720, 'Casual'),
(29837, '401016-LIV-5-SK-A21', 'A21', 481, 'SK', 'Fri', 'Liverpool', '11:00:00', 'LP-03.3.01 (CPU)', 2, 755, 'Casual'),
(29838, '401016-LIV-6-SK-A21', 'A21', 481, 'SK', 'Fri', 'Liverpool', '11:00:00', 'LP-03.3.02 (CPU)', 2, 720, 'Casual'),
(29839, '401016-LIV-7-SK-A21', 'A21', 481, 'SK', 'Fri', 'Liverpool', '13:00:00', 'LP-03.3.01 (CPU)', 2, 725, 'Casual'),
(29840, '401016-LIV-8-SK-A21', 'A21', 481, 'SK', 'Fri', 'Liverpool', '13:00:00', 'LP-03.3.02 (CPU)', 2, 688, 'Casual'),
(29841, '401016-LIV-9-SK-A21', 'A21', 481, 'SK', 'Fri', 'Liverpool', '15:00:00', 'LP-03.3.01 (CPU)', 2, 720, 'Casual'),
(29842, '401016-LIV-10-SK-A21', 'A21', 481, 'SK', 'Fri', 'Liverpool', '15:00:00', 'LP-03.3.02 (CPU)', 2, 755, 'Casual'),
(29843, '401016-LIV-11-SK-A21', 'A21', 481, 'SK', 'Fri', 'Liverpool', '17:00:00', 'LP-03.3.01 (CPU)', 2, 795, 'Casual'),
(29844, '401016-LIV-12-SK-A21', 'A21', 481, 'SK', 'Fri', 'Liverpool', '17:00:00', 'LP-03.3.02 (CPU)', 2, 769, 'Casual'),
(29845, '401016-LIV-2-WKa-A21', 'A21', 481, 'WKa', 'Fri', 'Liverpool', '08:00:00', 'LP-03.4.01 (LS)', 1, 725, 'Casual'),
(29846, '401016-LIV-3-WKa-A21', 'A21', 481, 'WKa', 'Fri', 'Liverpool', '10:00:00', 'LP-03.5.02 (LS)', 1, 755, 'Casual'),
(29847, '401016-LIV-4-WKa-A21', 'A21', 481, 'WKa', 'Fri', 'Liverpool', '12:00:00', 'LP-03.5.02 (LS)', 1, 725, 'Casual'),
(29848, '401016-LIV-5-WKa-A21', 'A21', 481, 'WKa', 'Fri', 'Liverpool', '14:00:00', 'LP-03.5.01 (LS)', 1, 720, 'Casual'),
(29849, '401016-LIV-6-WKa-A21', 'A21', 481, 'WKa', 'Fri', 'Liverpool', '16:00:00', 'LP-03.5.01 (LS)', 1, 795, 'Casual'),
(29850, '401016-PAR-14-SK-A21', 'A21', 481, 'SK', 'Fri', 'Parramatta', '09:00:00', 'PS-EB.1.07 (CPU)', 2, 678, 'Casual'),
(29851, '401016-PAR-15-SK-A21', 'A21', 481, 'SK', 'Fri', 'Parramatta', '11:00:00', 'PS-EB.1.07 (CPU)', 2, 784, 'Casual'),
(29852, '401016-PAR-16-SK-A21', 'A21', 481, 'SK', 'Fri', 'Parramatta', '13:00:00', 'PS-EB.1.07 (CPU)', 2, 782, 'Casual'),
(29853, '401016-PAR-31-SK-A21', 'A21', 481, 'SK', 'Fri', 'Parramatta', '09:00:00', 'PS-EB.1.05 (CPU)', 2, 782, 'Casual'),
(29854, '401016-PAR-32-SK-A21', 'A21', 481, 'SK', 'Fri', 'Parramatta', '11:00:00', 'PS-EB.1.05 (CPU)', 2, 678, 'Casual'),
(29855, '401016-PAR-33-SK-A21', 'A21', 481, 'SK', 'Fri', 'Parramatta', '15:00:00', 'PS-EB.1.07 (CPU)', 2, 782, 'Casual'),
(29856, '401016-PAR-14-WKa-A21', 'A21', 481, 'WKa', 'Fri', 'Parramatta', '08:00:00', 'PS-EB.G.32 (CLS)', 1, 678, 'Casual'),
(29857, '401016-PAR-15-WKa-A21', 'A21', 481, 'WKa', 'Fri', 'Parramatta', '10:00:00', 'PS-EB.3.33A (CLS)', 1, 784, 'Casual'),
(29858, '401016-PAR-16-WKa-A21', 'A21', 481, 'WKa', 'Fri', 'Parramatta', '12:00:00', 'PS-EB.3.18 (CLS)', 1, 782, 'Casual'),
(29859, '401016-PAR-1-SK-A21', 'A21', 481, 'SK', 'Mon', 'Parramatta', '09:00:00', 'PS-EB.1.07 (CPU)', 2, 794, 'Casual'),
(29860, '401016-PAR-17-SK-A21', 'A21', 481, 'SK', 'Mon', 'Parramatta', '11:00:00', 'PS-EB.1.07 (CPU)', 2, 784, 'Casual'),
(29861, '401016-PAR-18-SK-A21', 'A21', 481, 'SK', 'Mon', 'Parramatta', '09:00:00', 'PS-EB.1.05 (CPU)', 2, 669, 'Casual'),
(29862, '401016-PAR-1-WKa-A21', 'A21', 481, 'WKa', 'Mon', 'Parramatta', '08:00:00', 'PS-EB.G.32 (CLS)', 1, 794, 'Casual'),
(29863, '401016-PAR-17-WKa-A21', 'A21', 481, 'WKa', 'Mon', 'Parramatta', '10:00:00', 'PS-EB.3.18 (CLS)', 1, 784, 'Casual'),
(29864, '401016-PAR-10-SK-A21', 'A21', 481, 'SK', 'Thu', 'Parramatta', '09:00:00', 'PS-EB.1.05 (CPU)', 2, 729, 'Casual'),
(29865, '401016-PAR-11-SK-A21', 'A21', 481, 'SK', 'Thu', 'Parramatta', '11:00:00', 'PS-EB.1.07 (CPU)', 2, 784, 'Casual'),
(29866, '401016-PAR-12-SK-A21', 'A21', 481, 'SK', 'Thu', 'Parramatta', '13:00:00', 'PS-EB.1.07 (CPU)', 2, 729, 'Casual'),
(29867, '401016-PAR-13-SK-A21', 'A21', 481, 'SK', 'Thu', 'Parramatta', '15:00:00', 'PS-EB.1.07 (CPU)', 2, 795, 'Casual'),
(29868, '401016-PAR-27-SK-A21', 'A21', 481, 'SK', 'Thu', 'Parramatta', '09:00:00', 'PS-EB.1.07 (CPU)', 2, 678, 'Casual'),
(29869, '401016-PAR-28-SK-A21', 'A21', 481, 'SK', 'Thu', 'Parramatta', '11:00:00', 'PS-EB.1.05 (CPU)', 2, 678, 'Casual'),
(29870, '401016-PAR-29-SK-A21', 'A21', 481, 'SK', 'Thu', 'Parramatta', '13:00:00', 'PS-EB.1.05 (CPU)', 2, 687, 'Casual'),
(29871, '401016-PAR-30-SK-A21', 'A21', 481, 'SK', 'Thu', 'Parramatta', '15:00:00', 'PS-EB.1.05 (CPU)', 2, 687, 'Casual'),
(29872, '401016-PAR-10-WKa-A21', 'A21', 481, 'WKa', 'Thu', 'Parramatta', '08:00:00', 'PS-EB.G.32 (CLS)', 1, 678, 'Casual'),
(29873, '401016-PAR-11-WKa-A21', 'A21', 481, 'WKa', 'Thu', 'Parramatta', '10:00:00', 'PS-EA.1.33 (CLS)', 1, 784, 'Casual'),
(29874, '401016-PAR-12-WKa-A21', 'A21', 481, 'WKa', 'Thu', 'Parramatta', '12:00:00', 'PS-EB.G.33 (CLS)', 1, 729, 'Casual'),
(29875, '401016-PAR-13-WKa-A21', 'A21', 481, 'WKa', 'Thu', 'Parramatta', '14:00:00', 'PS-EB.3.33 (CLS)', 1, 795, 'Casual'),
(29876, '401016-PAR-2-SK-A21', 'A21', 481, 'SK', 'Tue', 'Parramatta', '09:00:00', 'PS-EB.1.07 (CPU)', 2, 678, 'Casual'),
(29877, '401016-PAR-3-SK-A21', 'A21', 481, 'SK', 'Tue', 'Parramatta', '11:00:00', 'PS-EB.1.07 (CPU)', 2, 687, 'Casual'),
(29878, '401016-PAR-4-SK-A21', 'A21', 481, 'SK', 'Tue', 'Parramatta', '13:00:00', 'PS-EB.1.07 (CPU)', 2, 797, 'Casual'),
(29879, '401016-PAR-5-SK-A21', 'A21', 481, 'SK', 'Tue', 'Parramatta', '15:00:00', 'PS-EB.1.07 (CPU)', 2, 687, 'Casual'),
(29880, '401016-PAR-19-SK-A21', 'A21', 481, 'SK', 'Tue', 'Parramatta', '09:00:00', 'PS-EB.1.05 (CPU)', 2, 797, 'Casual'),
(29881, '401016-PAR-20-SK-A21', 'A21', 481, 'SK', 'Tue', 'Parramatta', '11:00:00', 'PS-EB.1.05 (CPU)', 2, 678, 'Casual'),
(29882, '401016-PAR-21-SK-A21', 'A21', 481, 'SK', 'Tue', 'Parramatta', '13:00:00', 'PS-EB.1.05 (CPU)', 2, 678, 'Casual'),
(29883, '401016-PAR-22-SK-A21', 'A21', 481, 'SK', 'Tue', 'Parramatta', '15:00:00', 'PS-EB.1.05 (CPU)', 2, 678, 'Casual'),
(29884, '401016-PAR-2-WKa-A21', 'A21', 481, 'WKa', 'Tue', 'Parramatta', '08:00:00', 'PS-EB.3.38 (CLS)', 1, 678, 'Casual'),
(29885, '401016-PAR-3-WKa-A21', 'A21', 481, 'WKa', 'Tue', 'Parramatta', '10:00:00', 'PS-EB.3.17 (CLS)', 1, 687, 'Casual'),
(29886, '401016-PAR-4-WKa-A21', 'A21', 481, 'WKa', 'Tue', 'Parramatta', '12:00:00', 'PS-EA.1.29 (CLS)', 1, 797, 'Casual'),
(29887, '401016-PAR-5-WKa-A21', 'A21', 481, 'WKa', 'Tue', 'Parramatta', '14:00:00', 'PS-EB.G.37 (CLS)', 1, 687, 'Casual'),
(29888, '401016-PAR-6-SK-A21', 'A21', 481, 'SK', 'Wed', 'Parramatta', '09:00:00', 'PS-EB.1.07 (CPU)', 2, 794, 'Casual'),
(29889, '401016-PAR-7-SK-A21', 'A21', 481, 'SK', 'Wed', 'Parramatta', '11:00:00', 'PS-EB.1.07 (CPU)', 2, 670, 'Casual'),
(29890, '401016-PAR-8-SK-A21', 'A21', 481, 'SK', 'Wed', 'Parramatta', '13:00:00', 'PS-EB.1.07 (CPU)', 2, 729, 'Casual'),
(29891, '401016-PAR-9-SK-A21', 'A21', 481, 'SK', 'Wed', 'Parramatta', '15:00:00', 'PS-EB.1.07 (CPU)', 2, 670, 'Casual'),
(29892, '401016-PAR-23-SK-A21', 'A21', 481, 'SK', 'Wed', 'Parramatta', '09:00:00', 'PS-EB.1.05 (CPU)', 2, 729, 'Casual'),
(29893, '401016-PAR-24-SK-A21', 'A21', 481, 'SK', 'Wed', 'Parramatta', '11:00:00', 'PS-EB.1.05 (CPU)', 2, 687, 'Casual'),
(29894, '401016-PAR-25-SK-A21', 'A21', 481, 'SK', 'Wed', 'Parramatta', '13:00:00', 'PS-EB.1.05 (CPU)', 2, 687, 'Casual'),
(29895, '401016-PAR-26-SK-A21', 'A21', 481, 'SK', 'Wed', 'Parramatta', '15:00:00', 'PS-EB.1.05 (CPU)', 2, 687, 'Casual'),
(29896, '401016-PAR-6-WKa-A21', 'A21', 481, 'WKa', 'Wed', 'Parramatta', '08:00:00', 'PS-EB.3.38 (CLS)', 1, 794, 'Casual'),
(29897, '401016-PAR-7-WKa-A21', 'A21', 481, 'WKa', 'Wed', 'Parramatta', '10:00:00', 'PS-EB.3.33 (CLS)', 1, 670, 'Casual'),
(29898, '401016-PAR-8-WKa-A21', 'A21', 481, 'WKa', 'Wed', 'Parramatta', '12:00:00', 'PS-EB.G.37 (CLS)', 1, 729, 'Casual'),
(29899, '401016-PAR-9-WKa-A21', 'A21', 481, 'WKa', 'Wed', 'Parramatta', '14:00:00', 'PS-EA.1.31 (CLS)', 1, 670, 'Casual'),
(29900, '401017-ONLINE-1-CL-A21', 'A21', 511, 'CL', 'Mon', 'Online', '14:00:00', 'Zoom', 1, 798, 'Casual'),
(29901, '401017-ONLINE-2-CL-A21', 'A21', 511, 'CL', 'Tue', 'Online', '13:00:00', 'Zoom', 1, 813, 'Casual'),
(29902, '401017-ONLINE-3-CL-A21', 'A21', 511, 'CL', 'Wed', 'Online', '11:00:00', 'Zoom', 1, 809, 'Casual'),
(29903, '401017-ONLINE-4-CL-A21', 'A21', 511, 'CL', 'Thu', 'Online', '10:00:00', 'Zoom', 1, 811, 'Casual'),
(29904, '401017-ONLINE-5-CL-A21', 'A21', 511, 'CL', 'Fri', 'Online', '09:00:00', 'Zoom', 1, 654, 'Casual'),
(29905, '401017-CAM-1-TU-A21', 'A21', 511, 'TU', 'Fri', 'Campbelltown', '11:00:00', 'CA-11.G.05 (CLS)', 2, 812, 'Casual'),
(29906, '401017-CAM-2-TU-A21', 'A21', 511, 'TU', 'Wed', 'Campbelltown', '14:00:00', 'CA-11.1.04 (CLS)', 2, 814, 'Casual'),
(29907, '401017-CAM-3-TU-A21', 'A21', 511, 'TU', 'Wed', 'Campbelltown', '11:00:00', 'CA-11.1.04 (CLS)', 2, 814, 'Casual'),
(29908, '401017-CAM-4-TU-A21', 'A21', 511, 'TU', 'Wed', 'Campbelltown', '09:00:00', 'CA-11.1.04 (CLS)', 2, 799, 'Casual'),
(29909, '401017-CAM-5-TU-A21', 'A21', 511, 'TU', 'Mon', 'Campbelltown', '09:00:00', 'CA-10.1.16 (CLS)', 2, 812, 'Casual'),
(29910, '401017-CAM-6-TU-A21', 'A21', 511, 'TU', 'Mon', 'Campbelltown', '11:00:00', 'CA-10.1.16 (CLS)', 2, 812, 'Casual'),
(29911, '401017-CAM-7-TU-A21', 'A21', 511, 'TU', 'Thu', 'Campbelltown', '11:00:00', 'CA-11.1.04 (CLS)', 2, 800, 'Casual'),
(29912, '401017-CAM-8-TU-A21', 'A21', 511, 'TU', 'Fri', 'Campbelltown', '09:00:00', 'CA-11.G.05 (CLS)', 2, 812, 'Casual'),
(29913, '401017-CAM-9-TU-A21', 'A21', 511, 'TU', 'Thu', 'Campbelltown', '14:00:00', 'CA-11.1.04 (CLS)', 2, 800, 'Casual'),
(29914, '401017-CAM-10-TU-A21', 'A21', 511, 'TU', 'Mon', 'Campbelltown', '14:00:00', 'CA-10.1.14 (CLS)', 2, 813, 'Casual'),
(29915, '401017-CAM-11-TU-A21', 'A21', 511, 'TU', 'Tue', 'Campbelltown', '11:00:00', 'CA-11.G.04 (CLS)', 2, 812, 'Casual'),
(29916, '401017-CAM-12-TU-A21', 'A21', 511, 'TU', 'Tue', 'Campbelltown', '09:00:00', 'CA-11.G.04 (CLS)', 2, 812, 'Casual'),
(29917, '401017-CAM-13-TU-A21', 'A21', 511, 'TU', 'Tue', 'Campbelltown', '14:00:00', 'CA-10.G.14 (CLS)', 2, 816, 'Casual'),
(29918, '401017-CAM-14-TU-A21', 'A21', 511, 'TU', 'Thu', 'Campbelltown', '09:00:00', 'CA-11.1.04 (CLS)', 2, 800, 'Casual'),
(29919, '401017-HAW-1-TU-A21', 'A21', 511, 'TU', 'Fri', 'Hawkesbury', '16:00:00', 'HW-G6.1.15 (CLS)', 2, 805, 'Casual'),
(29920, '401017-HAW-2-TU-A21', 'A21', 511, 'TU', 'Tue', 'Hawkesbury', '16:00:00', 'HW-G6.1.15 (CLS)', 2, 806, 'Casual'),
(29921, '401017-HAW-3-TU-A21', 'A21', 511, 'TU', 'Tue', 'Hawkesbury', '09:00:00', 'HW-G6.1.15 (CLS)', 2, 806, 'Casual'),
(29922, '401017-HAW-4-TU-A21', 'A21', 511, 'TU', 'Tue', 'Hawkesbury', '11:00:00', 'HW-G6.1.15 (CLS)', 2, 806, 'Casual'),
(29923, '401017-HAW-5-TU-A21', 'A21', 511, 'TU', 'Thu', 'Hawkesbury', '09:00:00', 'HW-G6.1.15 (CLS)', 2, 654, 'Casual'),
(29924, '401017-HAW-6-TU-A21', 'A21', 511, 'TU', 'Thu', 'Hawkesbury', '11:00:00', 'HW-G6.1.15 (CLS)', 2, 803, 'Casual'),
(29925, '401017-HAW-7-TU-A21', 'A21', 511, 'TU', 'Fri', 'Hawkesbury', '09:00:00', 'HW-G6.1.15 (CLS)', 2, 805, 'Casual'),
(29926, '401017-HAW-8-TU-A21', 'A21', 511, 'TU', 'Fri', 'Hawkesbury', '11:00:00', 'HW-G6.1.15 (CLS)', 2, 805, 'Casual'),
(29927, '401017-HAW-9-TU-A21', 'A21', 511, 'TU', 'Thu', 'Hawkesbury', '14:00:00', 'HW-G6.1.15 (CLS)', 2, 803, 'Casual'),
(29928, '401017-HAW-10-TU-A21', 'A21', 511, 'TU', 'Tue', 'Hawkesbury', '14:00:00', 'HW-G6.1.15 (CLS)', 2, 806, 'Casual'),
(29929, '401017-HAW-11-TU-A21', 'A21', 511, 'TU', 'Wed', 'Hawkesbury', '09:00:00', 'HW-G6.1.18 (CLS)', 2, 807, 'Casual'),
(29930, '401017-HAW-12-TU-A21', 'A21', 511, 'TU', 'Wed', 'Hawkesbury', '11:00:00', 'HW-G6.1.18 (CLS)', 2, 807, 'Casual'),
(29931, '401017-HAW-13-TU-A21', 'A21', 511, 'TU', 'Fri', 'Hawkesbury', '14:00:00', 'HW-G6.1.15 (CLS)', 2, 805, 'Casual'),
(29932, '401017-HAW-14-TU-A21', 'A21', 511, 'TU', 'Wed', 'Hawkesbury', '14:00:00', 'HW-G6.1.15 (CLS)', 2, 807, 'Casual'),
(29933, '401017-LIV-1-TU-A21', 'A21', 511, 'TU', 'Fri', 'Liverpool', '09:00:00', 'LP-03.5.01 (LS)', 2, 808, 'Casual'),
(29934, '401017-LIV-2-TU-A21', 'A21', 511, 'TU', 'Thu', 'Liverpool', '13:00:00', 'LP-03.5.01 (LS)', 2, 815, 'Casual'),
(29935, '401017-LIV-3-TU-A21', 'A21', 511, 'TU', 'Thu', 'Liverpool', '09:00:00', 'LP-03.5.02 (LS)', 2, 811, 'Casual'),
(29936, '401017-LIV-4-TU-A21', 'A21', 511, 'TU', 'Fri', 'Liverpool', '11:00:00', 'LP-03.5.01 (LS)', 2, 808, 'Casual'),
(29937, '401017-LIV-5-TU-A21', 'A21', 511, 'TU', 'Fri', 'Liverpool', '16:00:00', 'LP-03.5.02 (LS)', 2, 804, 'Casual'),
(29938, '401017-LIV-6-TU-A21', 'A21', 511, 'TU', 'Fri', 'Liverpool', '14:00:00', 'LP-03.5.02 (LS)', 2, 804, 'Casual'),
(29939, '401017-PAR-1-TU-A21', 'A21', 511, 'TU', 'Wed', 'Parramatta', '11:00:00', 'PS-EB.3.36 (CLS)', 2, 815, 'Casual'),
(29940, '401017-PAR-2-TU-A21', 'A21', 511, 'TU', 'Tue', 'Parramatta', '09:00:00', 'PS-EB.3.22 (CLS)', 2, 798, 'Casual'),
(29941, '401017-PAR-3-TU-A21', 'A21', 511, 'TU', 'Tue', 'Parramatta', '11:00:00', 'PS-EB.3.22 (CLS)', 2, 798, 'Casual'),
(29942, '401017-PAR-4-TU-A21', 'A21', 511, 'TU', 'Wed', 'Parramatta', '14:00:00', 'PS-EB.G.22 (CLS)', 2, 809, 'Casual'),
(29943, '401017-PAR-5-TU-A21', 'A21', 511, 'TU', 'Wed', 'Parramatta', '09:00:00', 'PS-EB.3.36 (CLS)', 2, 815, 'Casual'),
(29944, '401017-PAR-6-TU-A21', 'A21', 511, 'TU', 'Thu', 'Parramatta', '09:00:00', 'PS-EB.3.22 (CLS)', 2, 809, 'Casual'),
(29945, '401017-PAR-7-TU-A21', 'A21', 511, 'TU', 'Thu', 'Parramatta', '11:00:00', 'PS-EB.3.22 (CLS)', 2, 809, 'Casual'),
(29946, '401017-PAR-8-TU-A21', 'A21', 511, 'TU', 'Fri', 'Parramatta', '09:00:00', 'PS-EB.G.22 (CLS)', 2, 810, 'Casual'),
(29947, '401017-PAR-9-TU-A21', 'A21', 511, 'TU', 'Fri', 'Parramatta', '16:00:00', 'PS-EA.1.31 (CLS)', 2, 801, 'Casual'),
(29948, '401017-PAR-10-TU-A21', 'A21', 511, 'TU', 'Tue', 'Parramatta', '14:00:00', 'PS-EB.G.22 (CLS)', 2, 809, 'Casual'),
(29949, '401017-PAR-11-TU-A21', 'A21', 511, 'TU', 'Fri', 'Parramatta', '11:00:00', 'PS-EB.G.22 (CLS)', 2, 801, 'Casual'),
(29950, '401017-PAR-12-TU-A21', 'A21', 511, 'TU', 'Fri', 'Parramatta', '14:00:00', 'PS-EA.1.31 (CLS)', 2, 801, 'Casual'),
(29951, '401017-PAR-13-TU-A21', 'A21', 511, 'TU', 'Wed', 'Parramatta', '16:00:00', 'PS-EB.G.22 (CLS)', 2, 809, 'Casual'),
(29952, '401017-PAR-15-TU-A21', 'A21', 511, 'TU', 'Mon', 'Parramatta', '14:00:00', 'PS-EB.G.18 (CLS)', 2, 807, 'Casual'),
(29953, '401017-PAR-16-TU-A21', 'A21', 511, 'TU', 'Mon', 'Parramatta', '09:00:00', 'PS-EB.G.18 (CLS)', 2, 798, 'Casual'),
(29954, '401017-PAR-17-TU-A21', 'A21', 511, 'TU', 'Mon', 'Parramatta', '11:00:00', 'PS-EB.G.18 (CLS)', 2, 798, 'Casual'),
(29955, '401025-ONLINE-01-P1-WKa-A21', 'A21', 530, 'WKa', 'Tue', 'Online', '09:00:00', 'x*ONLINE', 3, 799, 'Casual'),
(29956, '401025-HAW-01-P2-WKa-A21', 'A21', 530, 'WKa', 'Tue', 'Hawkesbury', '09:00:00', 'HW-R6.G.01 (Conf)', 3, 799, 'Casual'),
(29957, '401025-HAW-1-WKb-A21', 'A21', 530, 'WKb', 'Tue', 'Hawkesbury', '09:00:00', 'HW-R6.G.01 (Conf)', 8, 799, 'Casual'),
(29958, '401083-PAR-01-P1-WK-A21', 'A21', 559, 'WK', 'Fri', 'Parramatta', '09:00:00', 'PS-EB.3.17 (CLS)', 3, 846, 'Casual'),
(29959, '401083-ONLINE-01-P2-WK-A21', 'A21', 559, 'WK', 'Fri', 'Online', '09:00:00', '-', 3, 846, 'Casual'),
(29960, '401083-PAR-02-P1-WK-A21', 'A21', 559, 'WK', 'Fri', 'Parramatta', '13:00:00', 'PS-EB.3.17 (CLS)', 3, 846, 'Casual'),
(29961, '401083-ONLINE-02-P2-WK-A21', 'A21', 559, 'WK', 'Fri', 'Online', '13:00:00', '-', 3, 846, 'Casual'),
(29962, '401204-PAR-1-WK-A21', 'A21', 560, 'WK', 'Sat', 'Parramatta', '10:00:00', 'PS-EB.1.25 (CPU)', 4, 847, 'Casual'),
(29963, '401205-ONLINE-1-CL-A21', 'A21', 562, 'CL', 'Mon', 'Online', '16:00:00', 'Zoom', 1, 805, 'Casual'),
(29964, '401205-ONLINE-2-CL-A21', 'A21', 562, 'CL', 'Tue', 'Online', '15:00:00', 'Zoom', 1, 853, 'Casual'),
(29965, '401205-ONLINE-3-CL-A21', 'A21', 562, 'CL', 'Wed', 'Online', '13:00:00', 'Zoom', 1, 850, 'Casual'),
(29966, '401205-ONLINE-4-CL-A21', 'A21', 562, 'CL', 'Thu', 'Online', '12:00:00', 'Zoom', 1, 850, 'Casual'),
(29967, '401205-ONLINE-5-CL-A21', 'A21', 562, 'CL', 'Fri', 'Online', '11:00:00', 'Zoom', 1, 863, 'Casual'),
(29968, '401205-CAM-1-TU-A21', 'A21', 562, 'TU', 'Wed', 'Campbelltown', '16:00:00', 'CA-10.1.14 (CLS)', 2, 744, 'Casual'),
(29969, '401205-CAM-2-TU-A21', 'A21', 562, 'TU', 'Mon', 'Campbelltown', '11:00:00', 'CA-11.G.05 (CLS)', 2, 805, 'Casual'),
(29970, '401205-CAM-3-TU-A21', 'A21', 562, 'TU', 'Wed', 'Campbelltown', '11:00:00', 'CA-11.1.05 (CLS)', 2, 744, 'Casual'),
(29971, '401205-CAM-4-TU-A21', 'A21', 562, 'TU', 'Thu', 'Campbelltown', '09:00:00', 'CA-10.1.16 (CLS)', 2, 707, 'Casual'),
(29972, '401205-CAM-5-TU-A21', 'A21', 562, 'TU', 'Mon', 'Campbelltown', '16:00:00', 'CA-11.1.04 (CLS)', 2, 805, 'Casual'),
(29973, '401205-CAM-6-TU-A21', 'A21', 562, 'TU', 'Wed', 'Campbelltown', '09:00:00', 'CA-11.1.05 (CLS)', 2, 744, 'Casual'),
(29974, '401205-CAM-7-TU-A21', 'A21', 562, 'TU', 'Tue', 'Campbelltown', '11:00:00', 'CA-11.1.04 (CLS)', 2, 744, 'Casual'),
(29975, '401205-CAM-8-TU-A21', 'A21', 562, 'TU', 'Thu', 'Campbelltown', '11:00:00', 'CA-10.1.16 (CLS)', 2, 707, 'Casual'),
(29976, '401205-CAM-9-TU-A21', 'A21', 562, 'TU', 'Mon', 'Campbelltown', '14:00:00', 'CA-11.1.04 (CLS)', 2, 805, 'Casual'),
(29977, '401205-CAM-10-TU-A21', 'A21', 562, 'TU', 'Fri', 'Campbelltown', '11:00:00', 'CA-11.1.04 (CLS)', 2, 850, 'Casual'),
(29978, '401205-CAM-11-TU-A21', 'A21', 562, 'TU', 'Tue', 'Campbelltown', '09:00:00', 'CA-11.1.04 (CLS)', 2, 744, 'Casual'),
(29979, '401205-CAM-12-TU-A21', 'A21', 562, 'TU', 'Tue', 'Campbelltown', '14:00:00', 'CA-10.G.13 (CLS)', 2, 744, 'Casual'),
(29980, '401205-CAM-13-TU-A21', 'A21', 562, 'TU', 'Mon', 'Campbelltown', '09:00:00', 'CA-11.G.05 (CLS)', 2, 805, 'Casual'),
(29981, '401205-CAM-14-TU-A21', 'A21', 562, 'TU', 'Fri', 'Campbelltown', '09:00:00', 'CA-11.1.04 (CLS)', 2, 850, 'Casual'),
(29982, '401205-CAM-15-TU-A21', 'A21', 562, 'TU', 'Wed', 'Campbelltown', '14:00:00', 'CA-10.1.14 (CLS)', 2, 744, 'Casual'),
(29983, '401205-HAW-1-TU-A21', 'A21', 562, 'TU', 'Mon', 'Hawkesbury', '09:00:00', 'HW-H7.G.11', 2, 864, 'Casual'),
(29984, '401205-HAW-2-TU-A21', 'A21', 562, 'TU', 'Mon', 'Hawkesbury', '11:00:00', 'HW-H7.G.11', 2, 864, 'Casual'),
(29985, '401205-HAW-3-TU-A21', 'A21', 562, 'TU', 'Mon', 'Hawkesbury', '14:00:00', 'HW-H7.G.11', 2, 864, 'Casual'),
(29986, '401205-HAW-4-TU-A21', 'A21', 562, 'TU', 'Tue', 'Hawkesbury', '09:00:00', 'HW-M3.1.09', 2, 861, 'Casual'),
(29987, '401205-HAW-5-TU-A21', 'A21', 562, 'TU', 'Tue', 'Hawkesbury', '11:00:00', 'HW-M3.1.09', 2, 861, 'Casual'),
(29988, '401205-HAW-6-TU-A21', 'A21', 562, 'TU', 'Thu', 'Hawkesbury', '14:00:00', 'HW-H7.G.07', 2, 820, 'Casual'),
(29989, '401205-HAW-7-TU-A21', 'A21', 562, 'TU', 'Wed', 'Hawkesbury', '09:00:00', 'HW-M3.1.09', 2, 665, 'Casual'),
(29990, '401205-HAW-8-TU-A21', 'A21', 562, 'TU', 'Tue', 'Hawkesbury', '14:00:00', 'HW-H7.G.14', 2, 861, 'Casual'),
(29991, '401205-HAW-9-TU-A21', 'A21', 562, 'TU', 'Thu', 'Hawkesbury', '09:00:00', 'HW-H7.G.07', 2, 820, 'Casual'),
(29992, '401205-HAW-10-TU-A21', 'A21', 562, 'TU', 'Thu', 'Hawkesbury', '11:00:00', 'HW-H7.G.07', 2, 820, 'Casual'),
(29993, '401205-HAW-11-TU-A21', 'A21', 562, 'TU', 'Fri', 'Hawkesbury', '09:00:00', 'HW-M3.G.14', 2, 674, 'Casual'),
(29994, '401205-HAW-12-TU-A21', 'A21', 562, 'TU', 'Fri', 'Hawkesbury', '11:00:00', 'HW-M3.G.14', 2, 674, 'Casual'),
(29995, '401205-LIV-1-TU-A21', 'A21', 562, 'TU', 'Tue', 'Liverpool', '09:00:00', 'LP-03.5.01 (LS)', 2, 680, 'Casual'),
(29996, '401205-LIV-2-TU-A21', 'A21', 562, 'TU', 'Tue', 'Liverpool', '11:00:00', 'LP-03.5.01 (LS)', 2, 680, 'Casual'),
(29997, '401205-LIV-4-TU-A21', 'A21', 562, 'TU', 'Mon', 'Liverpool', '16:00:00', 'LP-03.5.02 (LS)', 2, 865, 'Casual'),
(29998, '401205-LIV-6-TU-A21', 'A21', 562, 'TU', 'Mon', 'Liverpool', '11:00:00', 'LP-03.4.02 (LS)', 2, 702, 'Casual'),
(29999, '401205-LIV-7-TU-A21', 'A21', 562, 'TU', 'Tue', 'Liverpool', '14:00:00', 'LP-03.4.02 (LS)', 2, 702, 'Casual'),
(30000, '401205-PAR-1-TU-A21', 'A21', 562, 'TU', 'Mon', 'Parramatta', '09:00:00', 'PS-EB.G.32 (CLS)', 2, 853, 'Casual'),
(30001, '401205-PAR-2-TU-A21', 'A21', 562, 'TU', 'Fri', 'Parramatta', '11:00:00', 'PS-EB.3.37 (CLS)', 2, 863, 'Casual'),
(30002, '401205-PAR-3-TU-A21', 'A21', 562, 'TU', 'Thu', 'Parramatta', '14:00:00', 'PS-EB.3.06 (CLS)', 2, 863, 'Casual'),
(30003, '401205-PAR-4-TU-A21', 'A21', 562, 'TU', 'Thu', 'Parramatta', '16:00:00', 'PS-EB.3.06 (CLS)', 2, 863, 'Casual'),
(30004, '401205-PAR-5-TU-A21', 'A21', 562, 'TU', 'Mon', 'Parramatta', '11:00:00', 'PS-EB.G.32 (CLS)', 2, 853, 'Casual'),
(30005, '401205-PAR-6-TU-A21', 'A21', 562, 'TU', 'Fri', 'Parramatta', '09:00:00', 'PS-EB.3.37 (CLS)', 2, 865, 'Casual'),
(30006, '401205-PAR-7-TU-A21', 'A21', 562, 'TU', 'Wed', 'Parramatta', '09:00:00', 'PS-EB.G.32 (CLS)', 2, 661, 'Casual'),
(30007, '401205-PAR-8-TU-A21', 'A21', 562, 'TU', 'Tue', 'Parramatta', '11:00:00', 'PS-EB.G.35 (CLS)', 2, 800, 'Casual'),
(30008, '401205-PAR-9-TU-A21', 'A21', 562, 'TU', 'Tue', 'Parramatta', '09:00:00', 'PS-EB.G.35 (CLS)', 2, 800, 'Casual'),
(30009, '401205-PAR-10-TU-A21', 'A21', 562, 'TU', 'Tue', 'Parramatta', '14:00:00', 'PS-EB.G.35 (CLS)', 2, 665, 'Casual'),
(30010, '401205-PAR-11-TU-A21', 'A21', 562, 'TU', 'Wed', 'Parramatta', '11:00:00', 'PS-EB.G.32 (CLS)', 2, 661, 'Casual'),
(30011, '401205-PAR-12-TU-A21', 'A21', 562, 'TU', 'Tue', 'Parramatta', '16:00:00', 'PS-EB.G.36 (CLS)', 2, 665, 'Casual'),
(30012, '401205-PAR-14-TU-A21', 'A21', 562, 'TU', 'Thu', 'Parramatta', '09:00:00', 'PS-EB.G.02', 2, 661, 'Casual'),
(30013, '401205-PAR-15-TU-A21', 'A21', 562, 'TU', 'Thu', 'Parramatta', '11:00:00', 'PS-EB.G.02', 2, 863, 'Casual'),
(30014, '401206-ONLINE-1-CL-A21', 'A21', 580, 'CL', 'Mon', 'Online', '14:00:00', 'Zoom', 1, 867, 'Casual'),
(30015, '401206-ONLINE-2-CL-A21', 'A21', 580, 'CL', 'Tue', 'Online', '13:00:00', 'Zoom', 1, 867, 'Casual'),
(30016, '401206-ONLINE-3-CL-A21', 'A21', 580, 'CL', 'Wed', 'Online', '11:00:00', 'Zoom', 1, 873, 'Casual'),
(30017, '401206-ONLINE-4-CL-A21', 'A21', 580, 'CL', 'Thu', 'Online', '10:00:00', 'Zoom', 1, 868, 'Casual'),
(30018, '401206-ONLINE-5-CL-A21', 'A21', 580, 'CL', 'Fri', 'Online', '09:00:00', 'Zoom', 1, 868, 'Casual'),
(30019, '401206-CAM-1-TU-A21', 'A21', 580, 'TU', 'Tue', 'Campbelltown', '09:00:00', 'CA-10.G.15 (CLS)', 2, 805, 'Casual'),
(30020, '401206-CAM-2-TU-A21', 'A21', 580, 'TU', 'Wed', 'Campbelltown', '09:00:00', 'CA-10.G.13 (CLS)', 2, 868, 'Casual'),
(30021, '401206-CAM-3-TU-A21', 'A21', 580, 'TU', 'Thu', 'Campbelltown', '09:00:00', 'CA-10.G.13 (CLS)', 2, 868, 'Casual'),
(30022, '401206-CAM-4-TU-A21', 'A21', 580, 'TU', 'Thu', 'Campbelltown', '09:00:00', 'CA-10.1.15 (CLS)', 2, 871, 'Casual'),
(30023, '401206-CAM-5-TU-A21', 'A21', 580, 'TU', 'Tue', 'Campbelltown', '11:00:00', 'CA-10.G.15 (CLS)', 2, 805, 'Casual'),
(30024, '401206-CAM-6-TU-A21', 'A21', 580, 'TU', 'Thu', 'Campbelltown', '11:00:00', 'CA-10.1.15 (CLS)', 2, 748, 'Casual'),
(30025, '401206-CAM-7-TU-A21', 'A21', 580, 'TU', 'Tue', 'Campbelltown', '14:00:00', 'CA-10.1.16 (CLS)', 2, 805, 'Casual'),
(30026, '401206-CAM-8-TU-A21', 'A21', 580, 'TU', 'Mon', 'Campbelltown', '09:00:00', 'CA-10.1.15 (CLS)', 2, 748, 'Casual'),
(30027, '401206-CAM-9-TU-A21', 'A21', 580, 'TU', 'Thu', 'Campbelltown', '14:00:00', 'CA-10.G.16 (CLS)', 2, 748, 'Casual'),
(30028, '401206-CAM-10-TU-A21', 'A21', 580, 'TU', 'Thu', 'Campbelltown', '11:00:00', 'CA-10.G.13 (CLS)', 2, 868, 'Casual'),
(30029, '401206-CAM-11-TU-A21', 'A21', 580, 'TU', 'Mon', 'Campbelltown', '11:00:00', 'CA-10.1.15 (CLS)', 2, 748, 'Casual'),
(30030, '401206-CAM-12-TU-A21', 'A21', 580, 'TU', 'Wed', 'Campbelltown', '11:00:00', 'CA-10.G.13 (CLS)', 2, 868, 'Casual'),
(30031, '401206-CAM-13-TU-A21', 'A21', 580, 'TU', 'Mon', 'Campbelltown', '14:00:00', 'CA-10.1.15 (CLS)', 2, 748, 'Casual'),
(30032, '401206-CAM-14-TU-A21', 'A21', 580, 'TU', 'Wed', 'Campbelltown', '14:00:00', 'CA-10.1.16 (CLS)', 2, 748, 'Casual'),
(30033, '401206-CAM-15-TU-A21', 'A21', 580, 'TU', 'Fri', 'Campbelltown', '11:00:00', 'CA-10.G.15 (CLS)', 2, 748, 'Casual'),
(30034, '401206-CAM-16-TU-A21', 'A21', 580, 'TU', 'Fri', 'Campbelltown', '09:00:00', 'CA-10.G.15 (CLS)', 2, 748, 'Casual'),
(30035, '401206-HAW-1-TU-A21', 'A21', 580, 'TU', 'Mon', 'Hawkesbury', '09:00:00', 'HW-H7.G.06', 2, 875, 'Casual'),
(30036, '401206-HAW-2-TU-A21', 'A21', 580, 'TU', 'Mon', 'Hawkesbury', '11:00:00', 'HW-H7.G.06', 2, 875, 'Casual'),
(30037, '401206-HAW-3-TU-A21', 'A21', 580, 'TU', 'Tue', 'Hawkesbury', '09:00:00', 'HW-H7.G.14', 2, 770, 'Casual'),
(30038, '401206-HAW-4-TU-A21', 'A21', 580, 'TU', 'Tue', 'Hawkesbury', '11:00:00', 'HW-H7.G.14', 2, 770, 'Casual'),
(30039, '401206-HAW-5-TU-A21', 'A21', 580, 'TU', 'Wed', 'Hawkesbury', '09:00:00', 'HW-H7.G.12', 2, 770, 'Casual'),
(30040, '401206-HAW-6-TU-A21', 'A21', 580, 'TU', 'Wed', 'Hawkesbury', '11:00:00', 'HW-H7.G.12', 2, 770, 'Casual'),
(30041, '401206-HAW-7-TU-A21', 'A21', 580, 'TU', 'Wed', 'Hawkesbury', '14:00:00', 'HW-H7.G.12', 2, 770, 'Casual'),
(30042, '401206-HAW-8-TU-A21', 'A21', 580, 'TU', 'Thu', 'Hawkesbury', '09:00:00', 'HW-H7.G.14', 2, 770, 'Casual'),
(30043, '401206-HAW-9-TU-A21', 'A21', 580, 'TU', 'Thu', 'Hawkesbury', '11:00:00', 'HW-H7.G.14', 2, 770, 'Casual'),
(30044, '401206-HAW-10-TU-A21', 'A21', 580, 'TU', 'Tue', 'Hawkesbury', '14:00:00', 'HW-H7.G.06', 2, 770, 'Casual'),
(30045, '401206-HAW-11-TU-A21', 'A21', 580, 'TU', 'Fri', 'Hawkesbury', '09:00:00', 'HW-H7.G.06', 2, 875, 'Casual'),
(30046, '401206-HAW-12-TU-A21', 'A21', 580, 'TU', 'Fri', 'Hawkesbury', '11:00:00', 'HW-H7.G.06', 2, 875, 'Casual'),
(30047, '401206-HAW-13-TU-A21', 'A21', 580, 'TU', 'Thu', 'Hawkesbury', '14:00:00', 'HW-H7.G.12', 2, 765, 'Casual'),
(30048, '401206-LIV-1-TU-A21', 'A21', 580, 'TU', 'Wed', 'Liverpool', '09:00:00', 'LP-03.5.01 (LS)', 2, 805, 'Casual'),
(30049, '401206-LIV-2-TU-A21', 'A21', 580, 'TU', 'Wed', 'Liverpool', '11:00:00', 'LP-03.5.01 (LS)', 2, 805, 'Casual'),
(30050, '401206-LIV-3-TU-A21', 'A21', 580, 'TU', 'Wed', 'Liverpool', '16:00:00', 'LP-03.5.01 (LS)', 2, 805, 'Casual'),
(30051, '401206-LIV-4-TU-A21', 'A21', 580, 'TU', 'Thu', 'Liverpool', '15:00:00', 'LP-03.5.01 (LS)', 2, 805, 'Casual'),
(30052, '401206-LIV-5-TU-A21', 'A21', 580, 'TU', 'Wed', 'Liverpool', '14:00:00', 'LP-03.5.01 (LS)', 2, 805, 'Casual'),
(30053, '401206-LIV-6-TU-A21', 'A21', 580, 'TU', 'Thu', 'Liverpool', '12:00:00', 'LP-03.5.02 (LS)', 2, 805, 'Casual'),
(30054, '401206-PAR-1-TU-A21', 'A21', 580, 'TU', 'Thu', 'Parramatta', '09:00:00', 'PS-EB.3.36 (CLS)', 2, 734, 'Casual'),
(30055, '401206-PAR-2-TU-A21', 'A21', 580, 'TU', 'Fri', 'Parramatta', '11:00:00', 'PS-EB.3.36 (CLS)', 2, 734, 'Casual'),
(30056, '401206-PAR-3-TU-A21', 'A21', 580, 'TU', 'Thu', 'Parramatta', '11:00:00', 'PS-EB.3.36 (CLS)', 2, 734, 'Casual'),
(30057, '401206-PAR-4-TU-A21', 'A21', 580, 'TU', 'Fri', 'Parramatta', '14:00:00', 'PS-EB.3.06 (CLS)', 2, 734, 'Casual'),
(30058, '401206-PAR-5-TU-A21', 'A21', 580, 'TU', 'Fri', 'Parramatta', '09:00:00', 'PS-EB.3.36 (CLS)', 2, 734, 'Casual'),
(30059, '401206-PAR-6-TU-A21', 'A21', 580, 'TU', 'Fri', 'Parramatta', '16:00:00', 'PS-EB.3.06 (CLS)', 2, 734, 'Casual'),
(30060, '401206-PAR-7-TU-A21', 'A21', 580, 'TU', 'Thu', 'Parramatta', '16:00:00', 'PS-EB.3.21 (CLS)', 2, 867, 'Casual'),
(30061, '401206-PAR-8-TU-A21', 'A21', 580, 'TU', 'Wed', 'Parramatta', '14:00:00', 'PS-EB.G.21 (CLS)', 2, 691, 'Casual');
INSERT INTO `timetables` (`id`, `timetable_id`, `session`, `unit_code_id`, `activity_id`, `day`, `campus`, `start_time`, `location`, `hrs_per_week`, `staff_id`, `position_type`) VALUES
(30062, '401206-PAR-9-TU-A21', 'A21', 580, 'TU', 'Wed', 'Parramatta', '16:00:00', 'PS-EB.G.21 (CLS)', 2, 691, 'Casual'),
(30063, '401206-PAR-10-TU-A21', 'A21', 580, 'TU', 'Thu', 'Parramatta', '14:00:00', 'PS-EB.3.21 (CLS)', 2, 867, 'Casual'),
(30064, '401206-PAR-11-TU-A21', 'A21', 580, 'TU', 'Mon', 'Parramatta', '11:00:00', 'PS-EB.3.36 (CLS)', 2, 874, 'Casual'),
(30065, '401206-PAR-12-TU-A21', 'A21', 580, 'TU', 'Wed', 'Parramatta', '11:00:00', 'PS-EB.G.21 (CLS)', 2, 691, 'Casual'),
(30066, '401206-PAR-13-TU-A21', 'A21', 580, 'TU', 'Mon', 'Parramatta', '09:00:00', 'PS-EB.3.36 (CLS)', 2, 874, 'Casual'),
(30067, '401206-PAR-14-TU-A21', 'A21', 580, 'TU', 'Mon', 'Parramatta', '14:00:00', 'PS-EB.G.38 (CLS)', 2, 874, 'Casual'),
(30068, '401206-PAR-15-TU-A21', 'A21', 580, 'TU', 'Tue', 'Parramatta', '14:00:00', 'PS-EB.3.18 (CLS)', 2, 691, 'Casual'),
(30069, '401206-PAR-16-TU-A21', 'A21', 580, 'TU', 'Tue', 'Parramatta', '11:00:00', 'PS-EB.3.18 (CLS)', 2, 691, 'Casual'),
(30070, '401206-PAR-17-TU-A21', 'A21', 580, 'TU', 'Tue', 'Parramatta', '09:00:00', 'PS-EB.3.18 (CLS)', 2, 874, 'Casual'),
(30071, '401207-ONLINE-1-CL-A21', 'A21', 593, 'CL', 'Mon', 'Online', '15:00:00', 'Zoom', 1, 882, 'Casual'),
(30072, '401207-ONLINE-2-CL-A21', 'A21', 593, 'CL', 'Tue', 'Online', '14:00:00', 'Zoom', 1, 896, 'Casual'),
(30073, '401207-ONLINE-3-CL-A21', 'A21', 593, 'CL', 'Wed', 'Online', '12:00:00', 'Zoom', 1, 880, 'Casual'),
(30074, '401207-ONLINE-4-CL-A21', 'A21', 593, 'CL', 'Thu', 'Online', '11:00:00', 'Zoom', 1, 670, 'Casual'),
(30075, '401207-ONLINE-5-CL-A21', 'A21', 593, 'CL', 'Fri', 'Online', '10:00:00', 'Zoom', 1, 823, 'Casual'),
(30076, '401207-CAM-1-TU-A21', 'A21', 593, 'TU', 'Fri', 'Campbelltown', '09:00:00', 'CA-10.G.14 (CLS)', 2, 833, 'Casual'),
(30077, '401207-CAM-2-TU-A21', 'A21', 593, 'TU', 'Mon', 'Campbelltown', '09:00:00', 'CA-10.G.14 (CLS)', 2, 895, 'Casual'),
(30078, '401207-CAM-3-TU-A21', 'A21', 593, 'TU', 'Thu', 'Campbelltown', '11:00:00', 'CA-10.1.13 (CLS)', 2, 669, 'Casual'),
(30079, '401207-CAM-4-TU-A21', 'A21', 593, 'TU', 'Wed', 'Campbelltown', '11:00:00', 'CA-10.1.16 (CLS)', 2, 833, 'Casual'),
(30080, '401207-CAM-5-TU-A21', 'A21', 593, 'TU', 'Mon', 'Campbelltown', '11:00:00', 'CA-10.G.14 (CLS)', 2, 895, 'Casual'),
(30081, '401207-CAM-6-TU-A21', 'A21', 593, 'TU', 'Fri', 'Campbelltown', '11:00:00', 'CA-10.G.14 (CLS)', 2, 833, 'Casual'),
(30082, '401207-CAM-7-TU-A21', 'A21', 593, 'TU', 'Mon', 'Campbelltown', '14:00:00', 'CA-10.G.15 (CLS)', 2, 895, 'Casual'),
(30083, '401207-CAM-8-TU-A21', 'A21', 593, 'TU', 'Tue', 'Campbelltown', '09:00:00', 'CA-10.G.13 (CLS)', 2, 888, 'Casual'),
(30084, '401207-CAM-9-TU-A21', 'A21', 593, 'TU', 'Wed', 'Campbelltown', '16:00:00', 'CA-10.G.15 (CLS)', 2, 833, 'Casual'),
(30085, '401207-CAM-10-TU-A21', 'A21', 593, 'TU', 'Wed', 'Campbelltown', '09:00:00', 'CA-10.1.16 (CLS)', 2, 728, 'Casual'),
(30086, '401207-CAM-11-TU-A21', 'A21', 593, 'TU', 'Tue', 'Campbelltown', '11:00:00', 'CA-10.G.13 (CLS)', 2, 888, 'Casual'),
(30087, '401207-CAM-12-TU-A21', 'A21', 593, 'TU', 'Mon', 'Campbelltown', '16:00:00', 'CA-10.G.06 (CLS)', 2, 774, 'Casual'),
(30088, '401207-CAM-13-TU-A21', 'A21', 593, 'TU', 'Thu', 'Campbelltown', '09:00:00', 'CA-10.1.13 (CLS)', 2, 728, 'Casual'),
(30089, '401207-CAM-14-TU-A21', 'A21', 593, 'TU', 'Fri', 'Campbelltown', '14:00:00', 'CA-10.G.15 (CLS)', 2, 833, 'Casual'),
(30090, '401207-CAM-15-TU-A21', 'A21', 593, 'TU', 'Thu', 'Campbelltown', '14:00:00', 'CA-10.G.15 (CLS)', 2, 669, 'Casual'),
(30091, '401207-CAM-16-TU-A21', 'A21', 593, 'TU', 'Wed', 'Campbelltown', '14:00:00', 'CA-10.G.15 (CLS)', 2, 833, 'Casual'),
(30092, '401207-HAW-1-TU-A21', 'A21', 593, 'TU', 'Thu', 'Hawkesbury', '09:00:00', 'HW-H7.G.06', 2, 672, 'Casual'),
(30093, '401207-HAW-2-TU-A21', 'A21', 593, 'TU', 'Mon', 'Hawkesbury', '09:00:00', 'HW-M3.G.14', 2, 765, 'Casual'),
(30094, '401207-HAW-3-TU-A21', 'A21', 593, 'TU', 'Mon', 'Hawkesbury', '11:00:00', 'HW-M3.G.14', 2, 765, 'Casual'),
(30095, '401207-HAW-4-TU-A21', 'A21', 593, 'TU', 'Wed', 'Hawkesbury', '09:00:00', 'HW-H7.G.07', 2, 875, 'Casual'),
(30096, '401207-HAW-5-TU-A21', 'A21', 593, 'TU', 'Wed', 'Hawkesbury', '11:00:00', 'HW-H7.G.07', 2, 875, 'Casual'),
(30097, '401207-HAW-6-TU-A21', 'A21', 593, 'TU', 'Wed', 'Hawkesbury', '14:00:00', 'HW-M3.1.09', 2, 765, 'Casual'),
(30098, '401207-HAW-7-TU-A21', 'A21', 593, 'TU', 'Thu', 'Hawkesbury', '11:00:00', 'HW-H7.G.06', 2, 672, 'Casual'),
(30099, '401207-HAW-8-TU-A21', 'A21', 593, 'TU', 'Mon', 'Hawkesbury', '14:00:00', 'HW-M3.1.03', 2, 765, 'Casual'),
(30100, '401207-HAW-9-TU-A21', 'A21', 593, 'TU', 'Tue', 'Hawkesbury', '13:00:00', 'HW-H7.G.11', 2, 765, 'Casual'),
(30101, '401207-HAW-10-TU-A21', 'A21', 593, 'TU', 'Fri', 'Hawkesbury', '09:00:00', 'HW-M3.G.15', 2, 883, 'Casual'),
(30102, '401207-HAW-11-TU-A21', 'A21', 593, 'TU', 'Fri', 'Hawkesbury', '11:00:00', 'HW-M3.G.15', 2, 883, 'Casual'),
(30103, '401207-HAW-12-TU-A21', 'A21', 593, 'TU', 'Tue', 'Hawkesbury', '11:00:00', 'HW-H7.G.11', 2, 896, 'Casual'),
(30104, '401207-HAW-13-TU-A21', 'A21', 593, 'TU', 'Tue', 'Hawkesbury', '09:00:00', 'HW-H7.G.11', 2, 896, 'Casual'),
(30105, '401207-LIV-1-TU-A21', 'A21', 593, 'TU', 'Thu', 'Liverpool', '11:00:00', 'LP-03.5.01 (LS)', 2, 688, 'Casual'),
(30106, '401207-LIV-2-TU-A21', 'A21', 593, 'TU', 'Wed', 'Liverpool', '14:00:00', 'LP-03.4.02 (LS)', 2, 855, 'Casual'),
(30107, '401207-LIV-3-TU-A21', 'A21', 593, 'TU', 'Thu', 'Liverpool', '09:00:00', 'LP-03.5.01 (LS)', 2, 688, 'Casual'),
(30108, '401207-LIV-4-TU-A21', 'A21', 593, 'TU', 'Wed', 'Liverpool', '16:00:00', 'LP-03.4.02 (LS)', 2, 855, 'Casual'),
(30109, '401207-LIV-5-TU-A21', 'A21', 593, 'TU', 'Wed', 'Liverpool', '09:00:00', 'LP-03.5.02 (LS)', 2, 855, 'Casual'),
(30110, '401207-LIV-6-TU-A21', 'A21', 593, 'TU', 'Wed', 'Liverpool', '11:00:00', 'LP-03.5.02 (LS)', 2, 855, 'Casual'),
(30111, '401207-PAR-1-TU-A21', 'A21', 593, 'TU', 'Thu', 'Parramatta', '14:00:00', 'PS-EB.3.38 (CLS)', 2, 880, 'Casual'),
(30112, '401207-PAR-2-TU-A21', 'A21', 593, 'TU', 'Thu', 'Parramatta', '16:00:00', 'PS-EB.3.38 (CLS)', 2, 880, 'Casual'),
(30113, '401207-PAR-3-TU-A21', 'A21', 593, 'TU', 'Mon', 'Parramatta', '11:00:00', 'PS-EB.3.05 (CLS)', 2, 833, 'Casual'),
(30114, '401207-PAR-4-TU-A21', 'A21', 593, 'TU', 'Wed', 'Parramatta', '11:00:00', 'PS-EA.1.31 (CLS)', 2, 823, 'Casual'),
(30115, '401207-PAR-5-TU-A21', 'A21', 593, 'TU', 'Tue', 'Parramatta', '14:00:00', 'PS-EB.G.21 (CLS)', 2, 712, 'Casual'),
(30116, '401207-PAR-6-TU-A21', 'A21', 593, 'TU', 'Mon', 'Parramatta', '16:00:00', 'PS-EB.G.37 (CLS)', 2, 833, 'Casual'),
(30117, '401207-PAR-7-TU-A21', 'A21', 593, 'TU', 'Wed', 'Parramatta', '16:00:00', 'PS-EA.1.28 (CLS)', 2, 823, 'Casual'),
(30118, '401207-PAR-8-TU-A21', 'A21', 593, 'TU', 'Wed', 'Parramatta', '14:00:00', 'PS-EA.1.28 (CLS)', 2, 823, 'Casual'),
(30119, '401207-PAR-9-TU-A21', 'A21', 593, 'TU', 'Mon', 'Parramatta', '09:00:00', 'PS-EB.3.05 (CLS)', 2, 833, 'Casual'),
(30120, '401207-PAR-10-TU-A21', 'A21', 593, 'TU', 'Mon', 'Parramatta', '14:00:00', 'PS-EB.G.37 (CLS)', 2, 833, 'Casual'),
(30121, '401207-PAR-11-TU-A21', 'A21', 593, 'TU', 'Tue', 'Parramatta', '09:00:00', 'PS-EB.G.22 (CLS)', 2, 712, 'Casual'),
(30122, '401207-PAR-12-TU-A21', 'A21', 593, 'TU', 'Thu', 'Parramatta', '11:00:00', 'PS-EB.3.21 (CLS)', 2, 670, 'Casual'),
(30123, '401207-PAR-13-TU-A21', 'A21', 593, 'TU', 'Tue', 'Parramatta', '11:00:00', 'PS-EB.G.22 (CLS)', 2, 712, 'Casual'),
(30124, '401207-PAR-14-TU-A21', 'A21', 593, 'TU', 'Thu', 'Parramatta', '09:00:00', 'PS-EB.3.21 (CLS)', 2, 670, 'Casual'),
(30125, '401207-PAR-15-TU-A21', 'A21', 593, 'TU', 'Fri', 'Parramatta', '14:00:00', 'PS-EB.3.17 (CLS)', 2, 880, 'Casual'),
(30126, '401207-PAR-16-TU-A21', 'A21', 593, 'TU', 'Fri', 'Parramatta', '09:00:00', 'PS-EB.3.17 (CLS)', 2, 670, 'Casual'),
(30127, '401207-PAR-17-TU-A21', 'A21', 593, 'TU', 'Fri', 'Parramatta', '11:00:00', 'PS-EB.3.17 (CLS)', 2, 880, 'Casual'),
(30128, '401208-ONLINE-1-CL-A21', 'A21', 612, 'CL', 'Mon', 'Online', '16:00:00', 'Zoom', 1, 912, 'Casual'),
(30129, '401208-ONLINE-2-CL-A21', 'A21', 612, 'CL', 'Tue', 'Online', '15:00:00', 'Zoom', 1, 907, 'Casual'),
(30130, '401208-ONLINE-3-CL-A21', 'A21', 612, 'CL', 'Wed', 'Online', '13:00:00', 'Zoom', 1, 913, 'Casual'),
(30131, '401208-ONLINE-4-CL-A21', 'A21', 612, 'CL', 'Thu', 'Online', '12:00:00', 'Zoom', 1, 908, 'Casual'),
(30132, '401208-ONLINE-5-CL-A21', 'A21', 612, 'CL', 'Fri', 'Online', '11:00:00', 'Zoom', 1, 909, 'Casual'),
(30133, '401208-CAM-1-TU-A21', 'A21', 612, 'TU', 'Wed', 'Campbelltown', '11:00:00', 'CA-10.G.16 (CLS)', 2, 901, 'Casual'),
(30134, '401208-CAM-2-TU-A21', 'A21', 612, 'TU', 'Tue', 'Campbelltown', '14:00:00', 'CA-10.G.15 (CLS)', 2, 895, 'Casual'),
(30135, '401208-CAM-3-TU-A21', 'A21', 612, 'TU', 'Tue', 'Campbelltown', '09:00:00', 'CA-10.1.15 (CLS)', 2, 895, 'Casual'),
(30136, '401208-CAM-4-TU-A21', 'A21', 612, 'TU', 'Mon', 'Campbelltown', '16:00:00', 'CA-11.G.05 (CLS)', 2, 895, 'Casual'),
(30137, '401208-CAM-5-TU-A21', 'A21', 612, 'TU', 'Thu', 'Campbelltown', '11:00:00', 'CA-10.1.14 (CLS)', 2, 903, 'Casual'),
(30138, '401208-CAM-6-TU-A21', 'A21', 612, 'TU', 'Thu', 'Campbelltown', '09:00:00', 'CA-10.1.14 (CLS)', 2, 903, 'Casual'),
(30139, '401208-CAM-7-TU-A21', 'A21', 612, 'TU', 'Fri', 'Campbelltown', '09:00:00', 'CA-10.1.15 (CLS)', 2, 895, 'Casual'),
(30140, '401208-CAM-8-TU-A21', 'A21', 612, 'TU', 'Wed', 'Campbelltown', '14:00:00', 'CA-10.G.16 (CLS)', 2, 901, 'Casual'),
(30141, '401208-CAM-9-TU-A21', 'A21', 612, 'TU', 'Mon', 'Campbelltown', '09:00:00', 'CA-10.1.14 (CLS)', 2, 814, 'Casual'),
(30142, '401208-CAM-10-TU-A21', 'A21', 612, 'TU', 'Thu', 'Campbelltown', '14:00:00', 'CA-10.G.13 (CLS)', 2, 903, 'Casual'),
(30143, '401208-CAM-11-TU-A21', 'A21', 612, 'TU', 'Tue', 'Campbelltown', '09:00:00', 'CA-10.G.16 (CLS)', 2, 814, 'Casual'),
(30144, '401208-CAM-12-TU-A21', 'A21', 612, 'TU', 'Fri', 'Campbelltown', '11:00:00', 'CA-10.1.15 (CLS)', 2, 895, 'Casual'),
(30145, '401208-CAM-13-TU-A21', 'A21', 612, 'TU', 'Tue', 'Campbelltown', '11:00:00', 'CA-10.1.15 (CLS)', 2, 895, 'Casual'),
(30146, '401208-CAM-14-TU-A21', 'A21', 612, 'TU', 'Mon', 'Campbelltown', '11:00:00', 'CA-10.1.14 (CLS)', 2, 814, 'Casual'),
(30147, '401208-CAM-15-TU-A21', 'A21', 612, 'TU', 'Tue', 'Campbelltown', '11:00:00', 'CA-10.G.16 (CLS)', 2, 814, 'Casual'),
(30148, '401208-CAM-16-TU-A21', 'A21', 612, 'TU', 'Wed', 'Campbelltown', '09:00:00', 'CA-10.G.16 (CLS)', 2, 901, 'Casual'),
(30149, '401208-HAW-1-TU-A21', 'A21', 612, 'TU', 'Mon', 'Hawkesbury', '09:00:00', 'HW-M3.G.15', 2, 899, 'Casual'),
(30150, '401208-HAW-2-TU-A21', 'A21', 612, 'TU', 'Mon', 'Hawkesbury', '11:00:00', 'HW-M3.G.15', 2, 899, 'Casual'),
(30151, '401208-HAW-3-TU-A21', 'A21', 612, 'TU', 'Tue', 'Hawkesbury', '09:00:00', 'HW-M3.G.15', 2, 907, 'Casual'),
(30152, '401208-HAW-4-TU-A21', 'A21', 612, 'TU', 'Tue', 'Hawkesbury', '11:00:00', 'HW-M3.G.15', 2, 907, 'Casual'),
(30153, '401208-HAW-5-TU-A21', 'A21', 612, 'TU', 'Tue', 'Hawkesbury', '16:00:00', 'HW-H7.G.12', 2, 907, 'Casual'),
(30154, '401208-HAW-6-TU-A21', 'A21', 612, 'TU', 'Tue', 'Hawkesbury', '14:00:00', 'HW-H7.G.12', 2, 907, 'Casual'),
(30155, '401208-HAW-7-TU-A21', 'A21', 612, 'TU', 'Wed', 'Hawkesbury', '09:00:00', 'HW-H7.G.14', 2, 907, 'Casual'),
(30156, '401208-HAW-8-TU-A21', 'A21', 612, 'TU', 'Wed', 'Hawkesbury', '11:00:00', 'HW-H7.G.14', 2, 907, 'Casual'),
(30157, '401208-HAW-9-TU-A21', 'A21', 612, 'TU', 'Wed', 'Hawkesbury', '14:00:00', 'HW-M3.G.15', 2, 907, 'Casual'),
(30158, '401208-HAW-10-TU-A21', 'A21', 612, 'TU', 'Thu', 'Hawkesbury', '09:00:00', 'HW-M3.1.08', 2, 913, 'Casual'),
(30159, '401208-HAW-11-TU-A21', 'A21', 612, 'TU', 'Thu', 'Hawkesbury', '11:00:00', 'HW-M3.1.08', 2, 913, 'Casual'),
(30160, '401208-HAW-12-TU-A21', 'A21', 612, 'TU', 'Fri', 'Hawkesbury', '09:00:00', 'HW-M3.1.03', 2, 846, 'Casual'),
(30161, '401208-HAW-13-TU-A21', 'A21', 612, 'TU', 'Wed', 'Hawkesbury', '16:00:00', 'HW-M3.G.15', 2, 907, 'Casual'),
(30162, '401208-LIV-1-TU-A21', 'A21', 612, 'TU', 'Wed', 'Liverpool', '14:00:00', 'LP-03.4.01 (LS)', 2, 906, 'Casual'),
(30163, '401208-LIV-2-TU-A21', 'A21', 612, 'TU', 'Wed', 'Liverpool', '16:00:00', 'LP-03.4.01 (LS)', 2, 906, 'Casual'),
(30164, '401208-LIV-4-TU-A21', 'A21', 612, 'TU', 'Wed', 'Liverpool', '09:00:00', 'LP-03.4.02 (LS)', 2, 895, 'Casual'),
(30165, '401208-LIV-5-TU-A21', 'A21', 612, 'TU', 'Wed', 'Liverpool', '12:00:00', 'LP-03.4.01 (LS)', 2, 909, 'Casual'),
(30166, '401208-LIV-6-TU-A21', 'A21', 612, 'TU', 'Thu', 'Liverpool', '14:00:00', 'LP-03.4.01 (LS)', 2, 714, 'Casual'),
(30167, '401208-LIV-7-TU-A21', 'A21', 612, 'TU', 'Thu', 'Liverpool', '16:00:00', 'LP-03.4.01 (LS)', 2, 714, 'Casual'),
(30168, '401208-PAR-1-TU-A21', 'A21', 612, 'TU', 'Mon', 'Parramatta', '09:00:00', 'PS-EB.G.21 (CLS)', 2, 907, 'Casual'),
(30169, '401208-PAR-2-TU-A21', 'A21', 612, 'TU', 'Mon', 'Parramatta', '11:00:00', 'PS-EB.G.21 (CLS)', 2, 907, 'Casual'),
(30170, '401208-PAR-3-TU-A21', 'A21', 612, 'TU', 'Tue', 'Parramatta', '14:00:00', 'PS-EB.3.05 (CLS)', 2, 807, 'Casual'),
(30171, '401208-PAR-4-TU-A21', 'A21', 612, 'TU', 'Mon', 'Parramatta', '14:00:00', 'PS-EB.3.05 (CLS)', 2, 907, 'Casual'),
(30172, '401208-PAR-5-TU-A21', 'A21', 612, 'TU', 'Tue', 'Parramatta', '11:00:00', 'PS-EB.3.36 (CLS)', 2, 807, 'Casual'),
(30173, '401004-CAM-Grp1&2-WKa-3-10:00AM-SM21', 'SM21', 437, 'WKa', 'Wed', 'Campbelltown', '10:00:00', 'Zoom', 1, 724, 'Casual'),
(30174, '401004-CAM-Grp3&4-WKa-3-10:00AM-SM21', 'SM21', 437, 'WKa', 'Wed', 'Campbelltown', '10:00:00', 'Zoom', 1, 726, 'Casual'),
(30175, '401004-CAM-Grp1&2-WKa-5-10:00AM-SM21', 'SM21', 437, 'WKa', 'Wed', 'Campbelltown', '10:00:00', 'Zoom', 1, 724, 'Casual'),
(30176, '401004-CAM-Grp1&2-WKa-6-12:00PM-SM21', 'SM21', 437, 'WKa', 'Wed', 'Campbelltown', '12:00:00', 'Zoom', 1, 724, 'Casual'),
(30177, '401004-CAM-Grp3&4-WKa-5-10:00AM-SM21', 'SM21', 437, 'WKa', 'Wed', 'Campbelltown', '10:00:00', 'Zoom', 1, 725, 'Casual'),
(30178, '401004-CAM-Grp3&4-WKa-6-12:00PM-SM21', 'SM21', 437, 'WKa', 'Wed', 'Campbelltown', '12:00:00', 'Zoom', 1, 725, 'Casual'),
(30179, '401004-CAM-Grp1&2-WKa-8-10:00AM-SM21', 'SM21', 437, 'WKa', 'Wed', 'Campbelltown', '10:00:00', 'Zoom', 1, 724, 'Casual'),
(30180, '401004-CAM-Grp3&4-WKa-8-10:00AM-SM21', 'SM21', 437, 'WKa', 'Wed', 'Campbelltown', '10:00:00', 'Zoom', 1, 725, 'Casual'),
(30181, '401004-CAM-Grp1&2-WKa-10-10:00AM-SM21', 'SM21', 437, 'WKa', 'Wed', 'Campbelltown', '10:00:00', 'Zoom', 1, 724, 'Casual'),
(30182, '401004-CAM-Grp1&2-WKa-11-12:00PM-SM21', 'SM21', 437, 'WKa', 'Wed', 'Campbelltown', '12:00:00', 'Zoom', 1, 724, 'Casual'),
(30183, '401004-CAM-Grp3&4-WKa-10-10:00AM-SM21', 'SM21', 437, 'WKa', 'Wed', 'Campbelltown', '10:00:00', 'Zoom', 1, 725, 'Casual'),
(30184, '401004-CAM-Grp3&4-WKa-11-12:00PM-SM21', 'SM21', 437, 'WKa', 'Wed', 'Campbelltown', '12:00:00', 'Zoom', 1, 725, 'Casual'),
(30185, '401208-PAR-6-TU-A21', 'A21', 612, 'TU', 'Tue', 'Parramatta', '09:00:00', 'PS-EB.3.36 (CLS)', 2, 807, 'Casual'),
(30186, '401208-PAR-7-TU-A21', 'A21', 612, 'TU', 'Thu', 'Parramatta', '11:00:00', 'PS-EB.3.06 (CLS)', 2, 650, 'Casual'),
(30187, '401208-PAR-8-TU-A21', 'A21', 612, 'TU', 'Thu', 'Parramatta', '14:00:00', 'PS-EB.3.37 (CLS)', 2, 650, 'Casual'),
(30188, '401208-PAR-9-TU-A21', 'A21', 612, 'TU', 'Wed', 'Parramatta', '09:00:00', 'PS-EB.3.17 (CLS)', 2, 714, 'Casual'),
(30189, '401208-PAR-10-TU-A21', 'A21', 612, 'TU', 'Thu', 'Parramatta', '09:00:00', 'PS-EB.3.06 (CLS)', 2, 902, 'Casual'),
(30190, '401208-PAR-11-TU-A21', 'A21', 612, 'TU', 'Mon', 'Parramatta', '16:00:00', 'PS-EB.3.18 (CLS)', 2, 807, 'Casual'),
(30191, '401208-PAR-12-TU-A21', 'A21', 612, 'TU', 'Fri', 'Parramatta', '09:00:00', 'PS-EB.G.37 (CLS)', 2, 807, 'Casual'),
(30192, '401208-PAR-13-TU-A21', 'A21', 612, 'TU', 'Fri', 'Parramatta', '11:00:00', 'PS-EB.G.37 (CLS)', 2, 807, 'Casual'),
(30193, '401208-PAR-14-TU-A21', 'A21', 612, 'TU', 'Wed', 'Parramatta', '16:00:00', 'PS-EB.3.18 (CLS)', 2, 714, 'Casual'),
(30194, '401208-PAR-15-TU-A21', 'A21', 612, 'TU', 'Wed', 'Parramatta', '11:00:00', 'PS-EB.3.17 (CLS)', 2, 714, 'Casual'),
(30195, '401208-PAR-16-TU-A21', 'A21', 612, 'TU', 'Wed', 'Parramatta', '14:00:00', 'PS-EB.3.18 (CLS)', 2, 714, 'Casual'),
(30196, '401211-ONLINE-1-CL-A21', 'A21', 628, 'CL', 'Mon', 'Online', '15:00:00', 'Zoom', 1, 918, 'Casual'),
(30197, '401211-ONLINE-2-CL-A21', 'A21', 628, 'CL', 'Tue', 'Online', '14:00:00', 'Zoom', 1, 888, 'Casual'),
(30198, '401211-ONLINE-3-CL-A21', 'A21', 628, 'CL', 'Wed', 'Online', '12:00:00', 'Zoom', 1, 928, 'Casual'),
(30199, '401211-ONLINE-4-CL-A21', 'A21', 628, 'CL', 'Thu', 'Online', '11:00:00', 'Zoom', 1, 847, 'Casual'),
(30200, '401211-ONLINE-5-CL-A21', 'A21', 628, 'CL', 'Fri', 'Online', '10:00:00', 'Zoom', 1, 724, 'Casual'),
(30201, '401211-CAM-1-TU-A21', 'A21', 628, 'TU', 'Wed', 'Campbelltown', '14:00:00', 'CA-10.1.13 (CLS)', 2, 847, 'Casual'),
(30202, '401211-CAM-2-TU-A21', 'A21', 628, 'TU', 'Mon', 'Campbelltown', '11:00:00', 'CA-10.1.13 (CLS)', 2, 888, 'Casual'),
(30203, '401211-CAM-3-TU-A21', 'A21', 628, 'TU', 'Mon', 'Campbelltown', '09:00:00', 'CA-10.1.13 (CLS)', 2, 888, 'Casual'),
(30204, '401211-CAM-4-TU-A21', 'A21', 628, 'TU', 'Thu', 'Campbelltown', '09:00:00', 'CA-11.1.05 (CLS)', 2, 751, 'Casual'),
(30205, '401211-CAM-5-TU-A21', 'A21', 628, 'TU', 'Fri', 'Campbelltown', '09:00:00', 'CA-10.1.14 (CLS)', 2, 868, 'Casual'),
(30206, '401211-CAM-6-TU-A21', 'A21', 628, 'TU', 'Wed', 'Campbelltown', '11:00:00', 'CA-10.1.13 (CLS)', 2, 847, 'Casual'),
(30207, '401211-CAM-7-TU-A21', 'A21', 628, 'TU', 'Wed', 'Campbelltown', '09:00:00', 'CA-10.1.13 (CLS)', 2, 833, 'Casual'),
(30208, '401211-CAM-8-TU-A21', 'A21', 628, 'TU', 'Mon', 'Campbelltown', '14:00:00', 'CA-10.1.06 (CLS)', 2, 684, 'Casual'),
(30209, '401211-CAM-9-TU-A21', 'A21', 628, 'TU', 'Fri', 'Campbelltown', '11:00:00', 'CA-10.1.14 (CLS)', 2, 868, 'Casual'),
(30210, '401211-CAM-10-TU-A21', 'A21', 628, 'TU', 'Thu', 'Campbelltown', '11:00:00', 'CA-11.1.05 (CLS)', 2, 751, 'Casual'),
(30211, '401211-CAM-11-TU-A21', 'A21', 628, 'TU', 'Tue', 'Campbelltown', '14:00:00', 'CA-11.1.04 (CLS)', 2, 833, 'Casual'),
(30212, '401211-CAM-12-TU-A21', 'A21', 628, 'TU', 'Tue', 'Campbelltown', '11:00:00', 'CA-10.G.03 (CLS)', 2, 833, 'Casual'),
(30213, '401211-CAM-13-TU-A21', 'A21', 628, 'TU', 'Thu', 'Campbelltown', '14:00:00', 'CA-10.G.03 (CLS)', 2, 751, 'Casual'),
(30214, '401211-CAM-14-TU-A21', 'A21', 628, 'TU', 'Mon', 'Campbelltown', '16:00:00', 'CA-10.1.06 (CLS)', 2, 684, 'Casual'),
(30215, '401211-CAM-15-TU-A21', 'A21', 628, 'TU', 'Tue', 'Campbelltown', '16:00:00', 'CA-11.1.04 (CLS)', 2, 833, 'Casual'),
(30216, '401211-HAW-1-TU-A21', 'A21', 628, 'TU', 'Mon', 'Hawkesbury', '09:00:00', 'HW-M3.1.09', 2, 918, 'Casual'),
(30217, '401211-HAW-2-TU-A21', 'A21', 628, 'TU', 'Tue', 'Hawkesbury', '14:00:00', 'HW-M3.1.09', 2, 671, 'Casual'),
(30218, '401211-HAW-3-TU-A21', 'A21', 628, 'TU', 'Mon', 'Hawkesbury', '11:00:00', 'HW-M3.1.09', 2, 918, 'Casual'),
(30219, '401211-HAW-4-TU-A21', 'A21', 628, 'TU', 'Tue', 'Hawkesbury', '09:00:00', 'HW-M3.G.14', 2, 883, 'Casual'),
(30220, '401211-HAW-5-TU-A21', 'A21', 628, 'TU', 'Tue', 'Hawkesbury', '11:00:00', 'HW-M3.G.14', 2, 883, 'Casual'),
(30221, '401211-HAW-6-TU-A21', 'A21', 628, 'TU', 'Mon', 'Hawkesbury', '14:00:00', 'HW-H7.G.07', 2, 671, 'Casual'),
(30222, '401211-HAW-7-TU-A21', 'A21', 628, 'TU', 'Thu', 'Hawkesbury', '09:00:00', 'HW-H7.G.12', 2, 671, 'Casual'),
(30223, '401211-HAW-8-TU-A21', 'A21', 628, 'TU', 'Wed', 'Hawkesbury', '09:00:00', 'HW-M3.1.08', 2, 737, 'Casual'),
(30224, '401211-HAW-9-TU-A21', 'A21', 628, 'TU', 'Wed', 'Hawkesbury', '13:00:00', 'HW-M3.1.03', 2, 737, 'Casual'),
(30225, '401211-HAW-10-TU-A21', 'A21', 628, 'TU', 'Thu', 'Hawkesbury', '11:00:00', 'HW-H7.G.12', 2, 671, 'Casual'),
(30226, '401211-HAW-11-TU-A21', 'A21', 628, 'TU', 'Thu', 'Hawkesbury', '16:00:00', 'HW-M3.1.09', 2, 671, 'Casual'),
(30227, '401211-HAW-12-TU-A21', 'A21', 628, 'TU', 'Thu', 'Hawkesbury', '14:00:00', 'HW-M3.1.09', 2, 671, 'Casual'),
(30228, '401211-HAW-13-TU-A21', 'A21', 628, 'TU', 'Fri', 'Hawkesbury', '11:00:00', 'HW-H7.G.12', 2, 724, 'Casual'),
(30229, '401211-HAW-14-TU-A21', 'A21', 628, 'TU', 'Fri', 'Hawkesbury', '14:00:00', 'HW-M3.1.09', 2, 724, 'Casual'),
(30230, '401211-LIV-1-TU-A21', 'A21', 628, 'TU', 'Fri', 'Liverpool', '11:00:00', 'LP-03.4.01 (LS)', 2, 795, 'Casual'),
(30231, '401211-LIV-2-TU-A21', 'A21', 628, 'TU', 'Thu', 'Liverpool', '09:00:00', 'LP-03.4.01 (LS)', 2, 725, 'Casual'),
(30232, '401211-LIV-4-TU-A21', 'A21', 628, 'TU', 'Thu', 'Liverpool', '16:00:00', 'LP-03.5.02 (LS)', 2, 759, 'Casual'),
(30233, '401211-LIV-5-TU-A21', 'A21', 628, 'TU', 'Thu', 'Liverpool', '14:00:00', 'LP-03.5.02 (LS)', 2, 757, 'Casual'),
(30234, '401211-LIV-6-TU-A21', 'A21', 628, 'TU', 'Thu', 'Liverpool', '11:00:00', 'LP-03.4.01 (LS)', 2, 725, 'Casual'),
(30235, '401017-LIV-2-TU-A21', 'A21', 511, 'TU', 'Thu', 'Liverpool', '13:00:00', 'LP-03.5.01 (LS)', 2, 815, 'Casual'),
(30236, '401017-HAW-11-TU-A21', 'A21', 511, 'TU', 'Wed', 'Hawkesbury', '09:00:00', 'HW-G6.1.18 (CLS)', 2, 807, 'Casual'),
(30237, '401211-PAR-5-TU-A21', 'A21', 628, 'TU', 'Fri', 'Parramatta', '09:00:00', 'PS-EB.3.21 (CLS)', 2, 671, 'Casual'),
(30238, '401212-LIV-1-TU-A21', 'A21', 648, 'TU', 'Thu', 'Liverpool', '09:00:00', 'LP-03.4.02 (LS)', 2, 681, 'Casual'),
(30239, '401211-LIV-7-TU-A21', 'A21', 628, 'TU', 'Fri', 'Liverpool', '14:00:00', 'LP-03.4.02 (LS)', 2, 795, 'Casual'),
(30240, '401211-PAR-1-TU-A21', 'A21', 628, 'TU', 'Tue', 'Parramatta', '09:00:00', 'PS-EB.3.38 (CLS)', 2, 917, 'Casual'),
(30241, '401211-PAR-2-TU-A21', 'A21', 628, 'TU', 'Wed', 'Parramatta', '09:00:00', 'PS-EB.G.38 (CLS)', 2, 917, 'Casual'),
(30242, '401211-PAR-3-TU-A21', 'A21', 628, 'TU', 'Mon', 'Parramatta', '16:00:00', 'PS-EB.3.38 (CLS)', 2, 928, 'Casual'),
(30243, '401211-PAR-4-TU-A21', 'A21', 628, 'TU', 'Wed', 'Parramatta', '11:00:00', 'PS-EB.G.38 (CLS)', 2, 917, 'Casual'),
(30244, '401211-PAR-5-TU-A21', 'A21', 628, 'TU', 'Fri', 'Parramatta', '09:00:00', 'PS-EB.3.21 (CLS)', 2, 671, 'Casual'),
(30245, '401211-PAR-6-TU-A21', 'A21', 628, 'TU', 'Fri', 'Parramatta', '11:00:00', 'PS-EB.3.21 (CLS)', 2, 671, 'Casual'),
(30246, '401211-PAR-7-TU-A21', 'A21', 628, 'TU', 'Mon', 'Parramatta', '14:00:00', 'PS-EB.3.38 (CLS)', 2, 928, 'Casual'),
(30247, '401211-PAR-8-TU-A21', 'A21', 628, 'TU', 'Tue', 'Parramatta', '14:00:00', 'PS-EB.G.38 (CLS)', 2, 920, 'Casual'),
(30248, '401211-PAR-9-TU-A21', 'A21', 628, 'TU', 'Tue', 'Parramatta', '11:00:00', 'PS-EB.3.38 (CLS)', 2, 917, 'Casual'),
(30249, '401211-PAR-10-TU-A21', 'A21', 628, 'TU', 'Mon', 'Parramatta', '11:00:00', 'PS-EB.3.38 (CLS)', 2, 928, 'Casual'),
(30250, '401211-PAR-11-TU-A21', 'A21', 628, 'TU', 'Mon', 'Parramatta', '09:00:00', 'PS-EB.3.38 (CLS)', 2, 928, 'Casual'),
(30251, '401211-PAR-12-TU-A21', 'A21', 628, 'TU', 'Tue', 'Parramatta', '16:00:00', 'PS-EB.G.38 (CLS)', 2, 920, 'Casual'),
(30252, '401211-PAR-13-TU-A21', 'A21', 628, 'TU', 'Wed', 'Parramatta', '14:00:00', 'PS-EB.G.38 (CLS)', 2, 920, 'Casual'),
(30253, '401211-PAR-14-TU-A21', 'A21', 628, 'TU', 'Thu', 'Parramatta', '09:00:00', 'PS-EB.3.18 (CLS)', 2, 782, 'Casual'),
(30254, '401211-PAR-15-TU-A21', 'A21', 628, 'TU', 'Thu', 'Parramatta', '11:00:00', 'PS-EB.3.18 (CLS)', 2, 782, 'Casual'),
(30255, '401211-PAR-16-TU-A21', 'A21', 628, 'TU', 'Thu', 'Parramatta', '14:00:00', 'PS-EB.3.17 (CLS)', 2, 782, 'Casual'),
(30256, '401212-ONLINE-1-CL-A21', 'A21', 648, 'CL', 'Mon', 'Online', '16:00:00', 'Zoom', 1, 947, 'Casual'),
(30257, '401212-ONLINE-2-CL-A21', 'A21', 648, 'CL', 'Tue', 'Online', '15:00:00', 'Zoom', 1, 656, 'Casual'),
(30258, '401212-ONLINE-3-CL-A21', 'A21', 648, 'CL', 'Wed', 'Online', '13:00:00', 'Zoom', 1, 936, 'Casual'),
(30259, '401212-ONLINE-4-CL-A21', 'A21', 648, 'CL', 'Thu', 'Online', '12:00:00', 'Zoom', 1, 913, 'Casual'),
(30260, '401212-ONLINE-5-CL-A21', 'A21', 648, 'CL', 'Fri', 'Online', '11:00:00', 'Zoom', 1, 935, 'Casual'),
(30261, '401212-CAM-1-TU-A21', 'A21', 648, 'TU', 'Thu', 'Campbelltown', '14:00:00', 'CA-11.G.04 (CLS)', 2, 833, 'Casual'),
(30262, '401212-CAM-2-TU-A21', 'A21', 648, 'TU', 'Wed', 'Campbelltown', '14:00:00', 'CA-10.1.15 (CLS)', 2, 726, 'Casual'),
(30263, '401212-CAM-3-TU-A21', 'A21', 648, 'TU', 'Tue', 'Campbelltown', '14:00:00', 'CA-10.1.15 (CLS)', 2, 681, 'Casual'),
(30264, '401212-CAM-4-TU-A21', 'A21', 648, 'TU', 'Wed', 'Campbelltown', '09:00:00', 'CA-10.G.14 (CLS)', 2, 656, 'Casual'),
(30265, '401212-CAM-5-TU-A21', 'A21', 648, 'TU', 'Fri', 'Campbelltown', '11:00:00', 'CA-10.G.16 (CLS)', 2, 723, 'Casual'),
(30266, '401212-CAM-6-TU-A21', 'A21', 648, 'TU', 'Tue', 'Campbelltown', '09:00:00', 'CA-11.1.05 (CLS)', 2, 681, 'Casual'),
(30267, '401212-CAM-7-TU-A21', 'A21', 648, 'TU', 'Tue', 'Campbelltown', '11:00:00', 'CA-11.1.05 (CLS)', 2, 681, 'Casual'),
(30268, '401212-CAM-8-TU-A21', 'A21', 648, 'TU', 'Mon', 'Campbelltown', '11:00:00', 'CA-10.1.06 (CLS)', 2, 726, 'Casual'),
(30269, '401212-CAM-9-TU-A21', 'A21', 648, 'TU', 'Wed', 'Campbelltown', '11:00:00', 'CA-10.G.14 (CLS)', 2, 726, 'Casual'),
(30270, '401212-CAM-10-TU-A21', 'A21', 648, 'TU', 'Mon', 'Campbelltown', '14:00:00', 'CA-10.G.14 (CLS)', 2, 726, 'Casual'),
(30271, '401212-CAM-11-TU-A21', 'A21', 648, 'TU', 'Fri', 'Campbelltown', '09:00:00', 'CA-10.G.16 (CLS)', 2, 723, 'Casual'),
(30272, '401212-CAM-12-TU-A21', 'A21', 648, 'TU', 'Thu', 'Campbelltown', '09:00:00', 'CA-11.G.04 (CLS)', 2, 833, 'Casual'),
(30273, '401212-CAM-13-TU-A21', 'A21', 648, 'TU', 'Thu', 'Campbelltown', '11:00:00', 'CA-11.G.04 (CLS)', 2, 833, 'Casual'),
(30274, '401212-CAM-14-TU-A21', 'A21', 648, 'TU', 'Wed', 'Campbelltown', '16:00:00', 'CA-10.1.15 (CLS)', 2, 726, 'Casual'),
(30275, '401212-CAM-15-TU-A21', 'A21', 648, 'TU', 'Mon', 'Campbelltown', '09:00:00', 'CA-10.G.03 (CLS)', 2, 936, 'Casual'),
(30276, '401212-HAW-1-TU-A21', 'A21', 648, 'TU', 'Mon', 'Hawkesbury', '09:00:00', 'HW-M3.1.03', 2, 946, 'Casual'),
(30277, '401212-HAW-2-TU-A21', 'A21', 648, 'TU', 'Mon', 'Hawkesbury', '11:00:00', 'HW-M3.1.03', 2, 946, 'Casual'),
(30278, '401212-HAW-3-TU-A21', 'A21', 648, 'TU', 'Tue', 'Hawkesbury', '09:00:00', 'HW-H7.G.12', 2, 946, 'Casual'),
(30279, '401206-LIV-1-TU-A21', 'A21', 580, 'TU', 'Wed', 'Liverpool', '09:00:00', 'LP-03.5.01 (LS)', 2, 805, 'Casual'),
(30280, '401208-LIV-6-TU-A21', 'A21', 612, 'TU', 'Thu', 'Liverpool', '14:00:00', 'LP-03.4.01 (LS)', 2, 714, 'Casual'),
(30281, '401208-HAW-3-TU-A21', 'A21', 612, 'TU', 'Tue', 'Hawkesbury', '09:00:00', 'HW-M3.G.15', 2, 907, 'Casual'),
(30282, '401208-LIV-4-TU-A21', 'A21', 612, 'TU', 'Wed', 'Liverpool', '09:00:00', 'LP-03.4.02 (LS)', 2, 895, 'Casual'),
(30283, '401212-HAW-4-TU-A21', 'A21', 648, 'TU', 'Tue', 'Hawkesbury', '11:00:00', 'HW-H7.G.12', 2, 946, 'Casual'),
(30284, '401212-HAW-5-TU-A21', 'A21', 648, 'TU', 'Tue', 'Hawkesbury', '14:00:00', 'HW-H7.G.07', 2, 946, 'Casual'),
(30285, '401212-HAW-6-TU-A21', 'A21', 648, 'TU', 'Thu', 'Hawkesbury', '09:00:00', 'HW-M3.1.09', 2, 946, 'Casual'),
(30286, '401212-HAW-7-TU-A21', 'A21', 648, 'TU', 'Thu', 'Hawkesbury', '11:00:00', 'HW-M3.1.09', 2, 946, 'Casual'),
(30287, '401212-HAW-8-TU-A21', 'A21', 648, 'TU', 'Wed', 'Hawkesbury', '09:00:00', 'HW-H7.G.06', 2, 945, 'Casual'),
(30288, '401212-HAW-9-TU-A21', 'A21', 648, 'TU', 'Wed', 'Hawkesbury', '11:00:00', 'HW-H7.G.06', 2, 945, 'Casual'),
(30289, '401212-HAW-10-TU-A21', 'A21', 648, 'TU', 'Mon', 'Hawkesbury', '14:00:00', 'HW-M3.G.15', 2, 946, 'Casual'),
(30290, '401212-HAW-11-TU-A21', 'A21', 648, 'TU', 'Fri', 'Hawkesbury', '09:00:00', 'HW-H7.G.11', 2, 913, 'Casual'),
(30291, '401212-HAW-12-TU-A21', 'A21', 648, 'TU', 'Fri', 'Hawkesbury', '11:00:00', 'HW-H7.G.11', 2, 913, 'Casual'),
(30292, '401212-HAW-13-TU-A21', 'A21', 648, 'TU', 'Thu', 'Hawkesbury', '14:00:00', 'HW-M3.G.14', 2, 913, 'Casual'),
(30293, '401212-HAW-14-TU-A21', 'A21', 648, 'TU', 'Wed', 'Hawkesbury', '14:00:00', 'HW-H7.G.11', 2, 945, 'Casual'),
(30294, '401212-LIV-1-TU-A21', 'A21', 648, 'TU', 'Thu', 'Liverpool', '09:00:00', 'LP-03.4.02 (LS)', 2, 681, 'Casual'),
(30295, '401212-LIV-2-TU-A21', 'A21', 648, 'TU', 'Thu', 'Liverpool', '14:00:00', 'LP-03.4.02 (LS)', 2, 681, 'Casual'),
(30296, '401212-LIV-3-TU-A21', 'A21', 648, 'TU', 'Thu', 'Liverpool', '16:00:00', 'LP-03.4.02 (LS)', 2, 681, 'Casual'),
(30297, '401212-LIV-4-TU-A21', 'A21', 648, 'TU', 'Fri', 'Liverpool', '13:00:00', 'LP-03.4.01 (LS)', 2, 829, 'Casual'),
(30298, '401212-LIV-5-TU-A21', 'A21', 648, 'TU', 'Fri', 'Liverpool', '09:00:00', 'LP-03.4.02 (LS)', 2, 946, 'Casual'),
(30299, '401212-LIV-6-TU-A21', 'A21', 648, 'TU', 'Thu', 'Liverpool', '11:00:00', 'LP-03.4.02 (LS)', 2, 681, 'Casual'),
(30300, '401212-PAR-1-TU-A21', 'A21', 648, 'TU', 'Mon', 'Parramatta', '09:00:00', 'PS-EB.G.22 (CLS)', 2, 935, 'Casual'),
(30301, '401212-PAR-2-TU-A21', 'A21', 648, 'TU', 'Mon', 'Parramatta', '11:00:00', 'PS-EB.G.22 (CLS)', 2, 935, 'Casual'),
(30302, '401212-PAR-3-TU-A21', 'A21', 648, 'TU', 'Mon', 'Parramatta', '14:00:00', 'PS-EB.G.36 (CLS)', 2, 935, 'Casual'),
(30303, '401212-PAR-4-TU-A21', 'A21', 648, 'TU', 'Mon', 'Parramatta', '16:00:00', 'PS-EB.G.36 (CLS)', 2, 935, 'Casual'),
(30304, '401212-PAR-5-TU-A21', 'A21', 648, 'TU', 'Tue', 'Parramatta', '14:00:00', 'PS-EB.3.06 (CLS)', 2, 947, 'Casual'),
(30305, '401212-PAR-6-TU-A21', 'A21', 648, 'TU', 'Fri', 'Parramatta', '09:00:00', 'PS-EB.G.36 (CLS)', 2, 935, 'Casual'),
(30306, '401212-PAR-7-TU-A21', 'A21', 648, 'TU', 'Thu', 'Parramatta', '09:00:00', 'PS-EB.G.22 (CLS)', 2, 935, 'Casual'),
(30307, '401212-PAR-8-TU-A21', 'A21', 648, 'TU', 'Tue', 'Parramatta', '16:00:00', 'PS-EB.3.06 (CLS)', 2, 947, 'Casual'),
(30308, '401212-PAR-9-TU-A21', 'A21', 648, 'TU', 'Fri', 'Parramatta', '11:00:00', 'PS-EB.G.36 (CLS)', 2, 935, 'Casual'),
(30309, '401212-PAR-10-TU-A21', 'A21', 648, 'TU', 'Thu', 'Parramatta', '11:00:00', 'PS-EB.G.22 (CLS)', 2, 935, 'Casual'),
(30310, '401212-PAR-11-TU-A21', 'A21', 648, 'TU', 'Tue', 'Parramatta', '09:00:00', 'PS-EB.3.21 (CLS)', 2, 938, 'Casual'),
(30311, '401212-PAR-12-TU-A21', 'A21', 648, 'TU', 'Tue', 'Parramatta', '11:00:00', 'PS-EB.3.21 (CLS)', 2, 938, 'Casual'),
(30312, '401212-PAR-13-TU-A21', 'A21', 648, 'TU', 'Fri', 'Parramatta', '14:00:00', 'PS-EB.3.05 (CLS)', 2, 935, 'Casual'),
(30313, '401212-PAR-14-TU-A21', 'A21', 648, 'TU', 'Wed', 'Parramatta', '09:00:00', 'PS-EB.G.21 (CLS)', 2, 935, 'Casual'),
(30314, '401212-PAR-15-TU-A21', 'A21', 648, 'TU', 'Wed', 'Parramatta', '11:00:00', 'PS-EB.3.18 (CLS)', 2, 935, 'Casual'),
(30315, '401212-PAR-16-TU-A21', 'A21', 648, 'TU', 'Wed', 'Parramatta', '16:00:00', 'PS-EB.3.17 (CLS)', 2, 947, 'Casual'),
(30316, '401212-PAR-17-TU-A21', 'A21', 648, 'TU', 'Wed', 'Parramatta', '14:00:00', 'PS-EB.3.17 (CLS)', 2, 947, 'Casual'),
(30317, '401214-PAR-1-WK-A21', 'A21', 663, 'WK', 'Fri', 'Parramatta', '09:00:00', 'PS-EA.LG.26 (CL)', 2, 655, 'Casual'),
(30318, '401214-PAR-1-WKa-A21', 'A21', 663, 'WKa', 'Fri', 'Parramatta', '11:00:00', 'PS-EB.G.35 (CLS)', 3, 655, 'Casual'),
(30319, '401214-PAR-1-WKb-A21', 'A21', 663, 'WKb', 'Fri', 'Parramatta', '08:00:00', 'PS-EB.G.35 (CLS)', 10, 655, 'Casual'),
(30320, '401214-PAR-1-WKc-A21', 'A21', 663, 'WKc', 'Fri', 'Parramatta', '13:00:00', 'PS-EB.G.02', 3, 655, 'Casual'),
(30321, '401214-PAR-1-WK-A21', 'A21', 663, 'WK', 'Fri', 'Parramatta', '09:00:00', 'PS-EA.LG.26 (CL)', 2, 655, 'Casual'),
(30322, '401214-PAR-1-WKa-A21', 'A21', 663, 'WKa', 'Fri', 'Parramatta', '11:00:00', 'PS-EB.G.35 (CLS)', 3, 655, 'Casual'),
(30323, '401214-PAR-1-WKb-A21', 'A21', 663, 'WKb', 'Fri', 'Parramatta', '08:00:00', 'PS-EB.G.35 (CLS)', 10, 655, 'Casual'),
(30324, '401214-PAR-1-WKc-A21', 'A21', 663, 'WKc', 'Fri', 'Parramatta', '13:00:00', 'PS-EB.G.02', 3, 655, 'Casual'),
(30325, '401214-PAR-1-WK-A21', 'A21', 663, 'WK', 'Fri', 'Parramatta', '09:00:00', 'PS-EA.LG.26 (CL)', 2, 655, 'Casual'),
(30326, '401214-PAR-1-WKa-A21', 'A21', 663, 'WKa', 'Fri', 'Parramatta', '11:00:00', 'PS-EB.G.35 (CLS)', 3, 655, 'Casual'),
(30327, '401214-PAR-1-WKb-A21', 'A21', 663, 'WKb', 'Fri', 'Parramatta', '08:00:00', 'PS-EB.G.35 (CLS)', 10, 655, 'Casual'),
(30328, '401214-PAR-1-WKc-A21', 'A21', 663, 'WKc', 'Fri', 'Parramatta', '13:00:00', 'PS-EB.G.02', 3, 655, 'Casual'),
(30329, '401214-PAR-1-WK-A21', 'A21', 663, 'WK', 'Fri', 'Parramatta', '09:00:00', 'PS-EA.LG.26 (CL)', 2, 655, 'Casual'),
(30330, '401214-PAR-1-WKa-A21', 'A21', 663, 'WKa', 'Fri', 'Parramatta', '11:00:00', 'PS-EB.G.35 (CLS)', 3, 655, 'Casual'),
(30331, '401214-PAR-1-WKb-A21', 'A21', 663, 'WKb', 'Fri', 'Parramatta', '08:00:00', 'PS-EB.G.35 (CLS)', 10, 655, 'Casual'),
(30332, '401214-PAR-1-WKc-A21', 'A21', 663, 'WKc', 'Fri', 'Parramatta', '13:00:00', 'PS-EB.G.02', 3, 655, 'Casual'),
(30333, '401216-CAM-1-WKa-A21', 'A21', 664, 'WKa', 'Sat', 'Campbelltown', '10:00:00', 'CA-15.G.11 (CPU) (13/3, 3/4, 8/5), CA-15.G.18 (CPU) (13/3, 3/4, 8/5), CA-15.G.19 (CPU) (13/3, 3/4, 8/5)', 4, 952, 'Casual'),
(30334, '401216-CAM-1-WKb-A21', 'A21', 664, 'WKb', 'Sat', 'Campbelltown', '10:00:00', 'CA-15.G.11 (CPU) (22/5, 5/6), CA-15.G.18 (CPU) (22/5, 5/6), CA-15.G.19 (CPU) (22/5, 5/6)', 4, 774, 'Casual'),
(30335, '401216-CAM-1-WKb-A21', 'A21', 664, 'WKb', 'Sat', 'Campbelltown', '10:00:00', 'CA-15.G.11 (CPU) (22/5, 5/6), CA-15.G.18 (CPU) (22/5, 5/6), CA-15.G.19 (CPU) (22/5, 5/6)', 4, 952, 'Casual'),
(30336, '401002-LIV-1-TU-A21', 'A21', 422, 'TU', 'Mon', 'Liverpool', '11:00:00', 'LP-03.5.01 (LS)', 2, 716, 'Casual'),
(30337, '401002-LIV-2-TU-A21', 'A21', 422, 'TU', 'Mon', 'Liverpool', '13:00:00', 'LP-03.5.01 (LS)', 2, 716, 'Casual'),
(30338, '401002-LIV-4-TU-A21', 'A21', 422, 'TU', 'Tue', 'Liverpool', '11:00:00', 'LP-03.5.02 (LS)', 2, 720, 'Casual'),
(30339, '401002-LIV-5-TU-A21', 'A21', 422, 'TU', 'Tue', 'Liverpool', '14:00:00', 'LP-03.5.02 (LS)', 2, 720, 'Casual'),
(30340, '401002-LIV-6-TU-A21', 'A21', 422, 'TU', 'Mon', 'Liverpool', '09:00:00', 'LP-03.5.01 (LS)', 2, 716, 'Casual'),
(30341, '401205-LIV-1-TU-A21', 'A21', 562, 'TU', 'Tue', 'Liverpool', '09:00:00', 'LP-03.5.01 (LS)', 2, 811, 'Casual'),
(30342, '401205-LIV-2-TU-A21', 'A21', 562, 'TU', 'Tue', 'Liverpool', '11:00:00', 'LP-03.5.01 (LS)', 2, 811, 'Casual'),
(30343, '401205-LIV-4-TU-A21', 'A21', 562, 'TU', 'Mon', 'Liverpool', '16:00:00', 'LP-03.5.02 (LS)', 2, 680, 'Casual'),
(30344, '401205-LIV-6-TU-A21', 'A21', 562, 'TU', 'Mon', 'Liverpool', '11:00:00', 'LP-03.4.02 (LS)', 2, 865, 'Casual'),
(30345, '401205-LIV-7-TU-A21', 'A21', 562, 'TU', 'Tue', 'Liverpool', '14:00:00', 'LP-03.4.02 (LS)', 2, 680, 'Casual'),
(30346, '401008-LIV-1-SK-A21', 'A21', 440, 'SK', 'Wed', 'Liverpool', '09:00:00', 'LP-03.3.01 (CPU)', 3, 735, 'Casual'),
(30347, '401008-LIV-2-SK-A21', 'A21', 440, 'SK', 'Wed', 'Liverpool', '09:00:00', 'LP-03.3.02 (CPU)', 3, 767, 'Casual'),
(30348, '401008-LIV-3-SK-A21', 'A21', 440, 'SK', 'Wed', 'Liverpool', '12:00:00', 'LP-03.3.01 (CPU)', 3, 757, 'Casual'),
(30349, '401008-LIV-4-SK-A21', 'A21', 440, 'SK', 'Wed', 'Liverpool', '12:00:00', 'LP-03.3.02 (CPU)', 3, 767, 'Casual'),
(30350, '401008-LIV-5-SK-A21', 'A21', 440, 'SK', 'Wed', 'Liverpool', '15:00:00', 'LP-03.3.01 (CPU)', 3, 735, 'Casual'),
(30351, '401008-LIV-6-SK-A21', 'A21', 440, 'SK', 'Wed', 'Liverpool', '15:00:00', 'LP-03.3.02 (CPU)', 3, 757, 'Casual'),
(30352, '401008-LIV-7-SK-A21', 'A21', 440, 'SK', 'Thu', 'Liverpool', '09:00:00', 'LP-03.3.01 (CPU)', 3, 759, 'Casual'),
(30353, '401008-LIV-8-SK-A21', 'A21', 440, 'SK', 'Thu', 'Liverpool', '09:00:00', 'LP-03.3.02 (CPU)', 3, 755, 'Casual'),
(30354, '401008-LIV-9-SK-A21', 'A21', 440, 'SK', 'Thu', 'Liverpool', '12:00:00', 'LP-03.3.01 (CPU)', 3, 735, 'Casual'),
(30355, '401008-LIV-10-SK-A21', 'A21', 440, 'SK', 'Thu', 'Liverpool', '12:00:00', 'LP-03.3.02 (CPU)', 3, 755, 'Casual'),
(30356, '401008-LIV-1-WKa-A21', 'A21', 440, 'WKa', 'Wed', 'Liverpool', '08:00:00', 'LP-03.5.02 (LS)', 1, 735, 'Casual'),
(30357, '401008-LIV-2-WKa-A21', 'A21', 440, 'WKa', 'Wed', 'Liverpool', '11:00:00', 'LP-03.4.02 (LS)', 1, 757, 'Casual'),
(30358, '401008-LIV-3-WKa-A21', 'A21', 440, 'WKa', 'Wed', 'Liverpool', '14:00:00', 'LP-03.5.02 (LS)', 1, 735, 'Casual'),
(30359, '401008-LIV-4-WKa-A21', 'A21', 440, 'WKa', 'Thu', 'Liverpool', '08:00:00', 'LP-03.4.01 (LS)', 1, 759, 'Casual'),
(30360, '401008-LIV-5-WKa-A21', 'A21', 440, 'WKa', 'Thu', 'Liverpool', '11:00:00', 'LP-03.5.02 (LS)', 1, 735, 'Casual'),
(30361, '401206-LIV-1-TU-A21', 'A21', 580, 'TU', 'Wed', 'Liverpool', '09:00:00', 'LP-03.5.01 (LS)', 2, 705, 'Casual'),
(30362, '401206-LIV-2-TU-A21', 'A21', 580, 'TU', 'Wed', 'Liverpool', '11:00:00', 'LP-03.5.01 (LS)', 2, 705, 'Casual'),
(30363, '401206-LIV-3-TU-A21', 'A21', 580, 'TU', 'Wed', 'Liverpool', '16:00:00', 'LP-03.5.01 (LS)', 2, 705, 'Casual'),
(30364, '401206-LIV-6-TU-A21', 'A21', 580, 'TU', 'Thu', 'Liverpool', '12:00:00', 'LP-03.5.02 (LS)', 2, 705, 'Casual'),
(30365, '401207-LIV-1-TU-A21', 'A21', 593, 'TU', 'Thu', 'Liverpool', '11:00:00', 'LP-03.5.01 (LS)', 2, 694, 'Casual'),
(30366, '401207-LIV-2-TU-A21', 'A21', 593, 'TU', 'Wed', 'Liverpool', '14:00:00', 'LP-03.4.02 (LS)', 2, 882, 'Casual'),
(30367, '401207-LIV-3-TU-A21', 'A21', 593, 'TU', 'Thu', 'Liverpool', '09:00:00', 'LP-03.5.01 (LS)', 2, 694, 'Casual'),
(30368, '401207-LIV-5-TU-A21', 'A21', 593, 'TU', 'Wed', 'Liverpool', '09:00:00', 'LP-03.5.02 (LS)', 2, 882, 'Casual'),
(30369, '401207-LIV-6-TU-A21', 'A21', 593, 'TU', 'Wed', 'Liverpool', '11:00:00', 'LP-03.5.02 (LS)', 2, 882, 'Casual'),
(30370, '401208-LIV-1-TU-A21', 'A21', 612, 'TU', 'Wed', 'Liverpool', '14:00:00', 'LP-03.4.01 (LS)', 2, 895, 'Casual'),
(30371, '401208-LIV-2-TU-A21', 'A21', 612, 'TU', 'Wed', 'Liverpool', '16:00:00', 'LP-03.4.01 (LS)', 2, 895, 'Casual'),
(30372, '401208-LIV-5-TU-A21', 'A21', 612, 'TU', 'Wed', 'Liverpool', '12:00:00', 'LP-03.4.01 (LS)', 2, 895, 'Casual'),
(30373, '401208-LIV-6-TU-A21', 'A21', 612, 'TU', 'Thu', 'Liverpool', '14:00:00', 'LP-03.4.01 (LS)', 2, 906, 'Casual'),
(30374, '401208-LIV-7-TU-A21', 'A21', 612, 'TU', 'Thu', 'Liverpool', '16:00:00', 'LP-03.4.01 (LS)', 2, 906, 'Casual'),
(30375, '401016-LIV-3-SK-A21', 'A21', 481, 'SK', 'Fri', 'Liverpool', '09:00:00', 'LP-03.3.01 (CPU)', 2, 757, 'Casual'),
(30376, '401016-LIV-4-SK-A21', 'A21', 481, 'SK', 'Fri', 'Liverpool', '09:00:00', 'LP-03.3.02 (CPU)', 2, 792, 'Casual'),
(30377, '401016-LIV-5-SK-A21', 'A21', 481, 'SK', 'Fri', 'Liverpool', '11:00:00', 'LP-03.3.01 (CPU)', 2, 769, 'Casual'),
(30378, '401016-LIV-6-SK-A21', 'A21', 481, 'SK', 'Fri', 'Liverpool', '11:00:00', 'LP-03.3.02 (CPU)', 2, 792, 'Casual'),
(30379, '401016-LIV-7-SK-A21', 'A21', 481, 'SK', 'Fri', 'Liverpool', '13:00:00', 'LP-03.3.01 (CPU)', 2, 757, 'Casual'),
(30380, '401016-LIV-8-SK-A21', 'A21', 481, 'SK', 'Fri', 'Liverpool', '13:00:00', 'LP-03.3.02 (CPU)', 2, 755, 'Casual'),
(30381, '401016-LIV-9-SK-A21', 'A21', 481, 'SK', 'Fri', 'Liverpool', '15:00:00', 'LP-03.3.01 (CPU)', 2, 769, 'Casual'),
(30382, '401016-LIV-10-SK-A21', 'A21', 481, 'SK', 'Fri', 'Liverpool', '15:00:00', 'LP-03.3.02 (CPU)', 2, 688, 'Casual'),
(30383, '401016-LIV-11-SK-A21', 'A21', 481, 'SK', 'Fri', 'Liverpool', '17:00:00', 'LP-03.3.01 (CPU)', 2, 757, 'Casual'),
(30384, '401016-LIV-12-SK-A21', 'A21', 481, 'SK', 'Fri', 'Liverpool', '17:00:00', 'LP-03.3.02 (CPU)', 2, 755, 'Casual'),
(30385, '401016-LIV-2-WKa-A21', 'A21', 481, 'WKa', 'Fri', 'Liverpool', '08:00:00', 'LP-03.4.01 (LS)', 1, 757, 'Casual'),
(30386, '401016-LIV-3-WKa-A21', 'A21', 481, 'WKa', 'Fri', 'Liverpool', '10:00:00', 'LP-03.5.02 (LS)', 1, 769, 'Casual'),
(30387, '401016-LIV-4-WKa-A21', 'A21', 481, 'WKa', 'Fri', 'Liverpool', '12:00:00', 'LP-03.5.02 (LS)', 1, 757, 'Casual'),
(30388, '401016-LIV-5-WKa-A21', 'A21', 481, 'WKa', 'Fri', 'Liverpool', '14:00:00', 'LP-03.5.01 (LS)', 1, 769, 'Casual'),
(30389, '401016-LIV-6-WKa-A21', 'A21', 481, 'WKa', 'Fri', 'Liverpool', '16:00:00', 'LP-03.5.01 (LS)', 1, 757, 'Casual'),
(30390, '401017-LIV-1-TU-A21', 'A21', 511, 'TU', 'Fri', 'Liverpool', '09:00:00', 'LP-03.5.01 (LS)', 2, 815, 'Casual'),
(30391, '401017-LIV-2-TU-A21', 'A21', 511, 'TU', 'Thu', 'Liverpool', '13:00:00', 'LP-03.5.01 (LS)', 2, 811, 'Casual'),
(30392, '401017-LIV-3-TU-A21', 'A21', 511, 'TU', 'Thu', 'Liverpool', '09:00:00', 'LP-03.5.02 (LS)', 2, 808, 'Casual'),
(30393, '401017-LIV-4-TU-A21', 'A21', 511, 'TU', 'Fri', 'Liverpool', '11:00:00', 'LP-03.5.01 (LS)', 2, 815, 'Casual'),
(30394, '401017-LIV-6-TU-A21', 'A21', 511, 'TU', 'Fri', 'Liverpool', '14:00:00', 'LP-03.5.02 (LS)', 2, 815, 'Casual'),
(30395, '401211-LIV-1-TU-A21', 'A21', 628, 'TU', 'Fri', 'Liverpool', '11:00:00', 'LP-03.4.01 (LS)', 2, 934, 'Casual'),
(30396, '401211-LIV-2-TU-A21', 'A21', 628, 'TU', 'Thu', 'Liverpool', '09:00:00', 'LP-03.4.01 (LS)', 2, 757, 'Casual'),
(30397, '401211-LIV-4-TU-A21', 'A21', 628, 'TU', 'Thu', 'Liverpool', '16:00:00', 'LP-03.5.02 (LS)', 2, 757, 'Casual'),
(30398, '401211-LIV-6-TU-A21', 'A21', 628, 'TU', 'Thu', 'Liverpool', '11:00:00', 'LP-03.4.01 (LS)', 2, 757, 'Casual'),
(30399, '401211-LIV-7-TU-A21', 'A21', 628, 'TU', 'Fri', 'Liverpool', '14:00:00', 'LP-03.4.02 (LS)', 2, 934, 'Casual'),
(30400, '401212-LIV-1-TU-A21', 'A21', 648, 'TU', 'Thu', 'Liverpool', '09:00:00', 'LP-03.4.02 (LS)', 2, 717, 'Casual'),
(30401, '401212-LIV-2-TU-A21', 'A21', 648, 'TU', 'Thu', 'Liverpool', '14:00:00', 'LP-03.4.02 (LS)', 2, 717, 'Casual'),
(30402, '401212-LIV-4-TU-A21', 'A21', 648, 'TU', 'Fri', 'Liverpool', '13:00:00', 'LP-03.4.01 (LS)', 2, 946, 'Casual'),
(30403, '401212-LIV-5-TU-A21', 'A21', 648, 'TU', 'Fri', 'Liverpool', '09:00:00', 'LP-03.4.02 (LS)', 2, 829, 'Casual'),
(30404, '401212-LIV-6-TU-A21', 'A21', 648, 'TU', 'Thu', 'Liverpool', '11:00:00', 'LP-03.4.02 (LS)', 2, 717, 'Casual'),
(30405, '401008-PAR-14-WKa-A21', 'A21', 440, 'WKa', 'Fri', 'Parramatta', '11:00:00', 'PS-EA.1.29 (CLS)', 1, 680, 'Casual'),
(30406, '401000-PAR-30-SK-A21', 'A21', 371, 'SK', 'Fri', 'Parramatta', '15:00:00', 'PS-EB.1.02 (CPU)', 3, 660, 'Casual'),
(30407, '401207-HAW-15-TU-A21', 'A21', 593, 'TU', 'Wed', 'Hawkesbury', '14:00:00', 'HW-M3.G.14', 2, 875, 'Casual'),
(30408, '401008-HAW-13-WKa-A21', 'A21', 440, 'WKa', 'Wed', 'Hawkesbury', '15:00:00', 'HW-H7.G.14', 1, 665, 'Casual'),
(30409, '401008-HAW-25-SK-A21', 'A21', 440, 'SK', 'Wed', 'Hawkesbury', '16:00:00', 'HW-H8.G.10 (Lab 1)', 3, 665, 'Casual'),
(30410, '401008-HAW-26-SK-A21', 'A21', 440, 'SK', 'Wed', 'Hawkesbury', '16:00:00', 'HW-H8.G.14 (Lab 2)', 3, 754, 'Casual'),
(30411, '401001-PAR-15-TU-A21', 'A21', 408, 'TU', 'Wed', 'Parramatta', '09:00:00', 'PS-EB.G.02', 2, 702, 'Casual'),
(30412, '401001-PAR-16-TU-A21', 'A21', 408, 'TU', 'Wed', 'Parramatta', '11:00:00', 'PS-EB.G.02', 2, 702, 'Casual'),
(30413, '401001-PAR-6-TU-A21', 'A21', 408, 'TU', 'Wed', 'Parramatta', '14:00:00', 'PS-EB.3.05', 2, 707, 'Casual'),
(30414, '401001-PAR-6-TU-A21', 'A21', 408, 'TU', 'Wed', 'Parramatta', '16:00:00', 'PS-EB.3.05', 2, 707, 'Casual'),
(30415, '401002-PAR-15-TU-A21', 'A21', 422, 'TU', 'Wed', 'Parramatta', '16:00:00', 'PS-EB.G.02', 2, 719, 'Casual'),
(30416, '401002-PAR-16-TU-A21', 'A21', 422, 'TU', 'Wed', 'Parramatta', '14:00:00', 'PS-EB.G.02', 2, 719, 'Casual'),
(30417, '401205-PAR-14-TU-A21', 'A21', 562, 'TU', 'Thu', 'Parramatta', '09:00:00', 'PS-EB.G.02', 2, 855, 'Casual'),
(30418, '401205-PAR-15-TU-A21', 'A21', 562, 'TU', 'Thu', 'Parramatta', '11:00:00', 'PS-EB.G.02', 2, 855, 'Casual'),
(30419, '401017-PAR-16-TU-A21', 'A21', 511, 'TU', 'Mon', 'Parramatta', '09:00:00', 'PS-EB.G.18 (CLS)', 2, 807, 'Casual'),
(30420, '401017-PAR-17-TU-A21', 'A21', 511, 'TU', 'Mon', 'Parramatta', '11:00:00', 'PS-EB.G.18 (CLS)', 2, 807, 'Casual'),
(30421, '401211-PAR-14-TU-A21', 'A21', 628, 'TU', 'Thu', 'Parramatta', '09:00:00', 'PS-EB.3.18 (CLS)', 2, 934, 'Casual'),
(30422, '401211-PAR-15-TU-A21', 'A21', 628, 'TU', 'Thu', 'Parramatta', '11:00:00', 'PS-EB.3.18 (CLS)', 2, 934, 'Casual'),
(30423, '401212-PAR-15-TU-A21', 'A21', 648, 'TU', 'Wed', 'Parramatta', '11:00:00', 'PS-EB.3.18 (CLS)', 2, 715, 'Casual'),
(30424, '401002-PAR-11-TU-A21', 'A21', 422, 'TU', 'Tue', 'Parramatta', '14:00:00', 'PS-EB.G.36', 2, 715, 'Casual'),
(30425, '401208-PAR-11-TU-A21', 'A21', 612, 'TU', 'Mon', 'Parramatta', '16:00:00', 'PS-EB.3.18 (CLS)', 2, 907, 'Casual'),
(30426, '401208-PAR-13-TU-A21', 'A21', 612, 'TU', 'Fri', 'Parramatta', '14:00:00', 'PS-EB.G.36 (CLS)', 2, 807, 'Casual'),
(30427, '401206-PAR-15-TU-A21', 'A21', 580, 'TU', 'Tue', 'Parramatta', '16:00:00', 'PS-EB.3.18 (CLS)', 2, 691, 'Casual'),
(30428, '401008-HAW-14-WKa-A21', 'A21', 440, 'WKa', 'Fri', 'Hawkesbury', '15:00:00', 'HW-M3.G.15', 1, 691, 'Casual'),
(30429, '401008-HAW-9-SK-A21', 'A21', 440, 'SK', 'Fri', 'Hawkesbury', '16:00:00', 'HW-H8.G.10 (Lab 1)', 3, 691, 'Casual'),
(30430, '401000-PAR-32-SK-A21', 'A21', 371, 'SK', 'Wed', 'Parramatta', '18:00:00', 'PS-EB.1.04 (CPU)', 3, 671, 'Casual'),
(30431, '401000-PAR-31-SK-A21', 'A21', 371, 'SK', 'Wed', 'Parramatta', '18:00:00', 'PS-EB.1.02 (CPU)', 3, 669, 'Casual'),
(30432, '401000-PAR-16-WKa-A21', 'A21', 371, 'WKa', 'Wed', 'Parramatta', '05:00:00', 'PS-EB.G.18 (CLS)', 1, 669, 'Casual'),
(30433, '401206-HAW-15-TU-A21', 'A21', 580, 'TU', 'Wed', 'Hawkesbury', '16:00:00', 'HW-H7.G.12', 2, 770, 'Casual'),
(30434, '401208-HAW-15-TU-A21', 'A21', 612, 'TU', 'Fri', 'Hawkesbury', '16:00:00', 'HW-H7.G.07', 2, 907, 'Casual'),
(30435, '401000-PAR-4-SK-A21', 'A21', 371, 'SK', 'Tue', 'Parramatta', '18:00:00', 'PS-EB.1.02 (CPU)', 3, 673, 'Casual'),
(30436, '401000-PAR-5-WKa-A21', 'A21', 371, 'WKa', 'Tue', 'Parramatta', '17:00:00', 'PS-EA.G.18 (CLS)', 1, 673, 'Casual'),
(30437, '401008-HAW-9-SK-A21', 'A21', 440, 'SK', 'Fri', 'Hawkesbury', '16:00:00', 'HW-H8.G.14 (Lab 2)', 3, 759, 'Casual'),
(30438, '401001-ONLINE-6-CL-A21', 'A21', 408, 'CL', 'Mon', 'Online', '09:00:00', 'Zoom', 1, 707, 'Casual'),
(30439, '401001-ONLINE-7-CL-A21', 'A21', 408, 'CL', 'Tue', 'Online', '09:00:00', 'Zoom', 1, 702, 'Casual'),
(30440, '401001-ONLINE-8-CL-A21', 'A21', 408, 'CL', 'Wed', 'Online', '10:00:00', 'Zoom', 1, 702, 'Casual'),
(30441, '401002-ONLINE-6-CL-A21', 'A21', 422, 'CL', 'Mon', 'Online', '10:00:00', 'Zoom', 1, 718, 'Casual'),
(30442, '401002-ONLINE-7-CL-A21', 'A21', 422, 'CL', 'Tue', 'Online', '11:00:00', 'Zoom', 1, 722, 'Casual'),
(30443, '401002-ONLINE-8-CL-A21', 'A21', 422, 'CL', 'Wed', 'Online', '09:00:00', 'Zoom', 1, 722, 'Casual'),
(30444, '401205-ONLINE-6-CL-A21', 'A21', 562, 'CL', 'Mon', 'Online', '10:00:00', 'Zoom', 1, 863, 'Casual'),
(30445, '401205-ONLINE-7-CL-A21', 'A21', 562, 'CL', 'Tue', 'Online', '11:00:00', 'Zoom', 1, 853, 'Casual'),
(30446, '401205-ONLINE-8-CL-A21', 'A21', 562, 'CL', 'Wed', 'Online', '10:00:00', 'Zoom', 1, 850, 'Casual'),
(30447, '401206-ONLINE-6-CL-A21', 'A21', 580, 'CL', 'Mon', 'Online', '10:00:00', 'Zoom', 1, 734, 'Casual'),
(30448, '401206-ONLINE-7-CL-A21', 'A21', 580, 'CL', 'Tue', 'Online', '09:00:00', 'Zoom', 1, 734, 'Casual'),
(30449, '401206-ONLINE-8-CL-A21', 'A21', 580, 'CL', 'Wed', 'Online', '08:00:00', 'Zoom', 1, 734, 'Casual'),
(30450, '401207-ONLINE-6-CL-A21', 'A21', 593, 'CL', 'Mon', 'Online', '12:00:00', 'Zoom', 1, 765, 'Casual'),
(30451, '401207-ONLINE-7-CL-A21', 'A21', 593, 'CL', 'Tue', 'Online', '12:00:00', 'Zoom', 1, 765, 'Casual'),
(30452, '401207-ONLINE-8-CL-A21', 'A21', 593, 'CL', 'Wed', 'Online', '16:00:00', 'Zoom', 1, 765, 'Casual'),
(30453, '401208-ONLINE-6-CL-A21', 'A21', 612, 'CL', 'Mon', 'Online', '11:00:00', 'Zoom', 1, 907, 'Casual'),
(30454, '401208-ONLINE-7-CL-A21', 'A21', 612, 'CL', 'Tue', 'Online', '11:00:00', 'Zoom', 1, 907, 'Casual'),
(30455, '401208-ONLINE-8-CL-A21', 'A21', 612, 'CL', 'Wed', 'Online', '11:00:00', 'Zoom', 1, 907, 'Casual'),
(30456, '401017-ONLINE-6-CL-A21', 'A21', 511, 'CL', 'Mon', 'Online', '11:00:00', 'Zoom', 1, 798, 'Casual'),
(30457, '401017-ONLINE-7-CL-A21', 'A21', 511, 'CL', 'Tue', 'Online', '10:00:00', 'Zoom', 1, 798, 'Casual'),
(30458, '401017-ONLINE-8-CL-A21', 'A21', 511, 'CL', 'Wed', 'Online', '14:00:00', 'Zoom', 1, 809, 'Casual'),
(30459, '401211-ONLINE-6-CL-A21', 'A21', 628, 'CL', 'Mon', 'Online', '10:00:00', 'Zoom', 1, 833, 'Casual'),
(30460, '401211-ONLINE-7-CL-A21', 'A21', 628, 'CL', 'Tue', 'Online', '10:00:00', 'Zoom', 1, 833, 'Casual'),
(30461, '401211-ONLINE-8-CL-A21', 'A21', 628, 'CL', 'Wed', 'Online', '10:00:00', 'Zoom', 1, 833, 'Casual'),
(30462, '401212-ONLINE-6-CL-A21', 'A21', 648, 'CL', 'Mon', 'Online', '11:00:00', 'Zoom', 1, 947, 'Casual'),
(30463, '401212-ONLINE-7-CL-A21', 'A21', 648, 'CL', 'Tue', 'Online', '08:00:00', 'Zoom', 1, 946, 'Casual'),
(30464, '401212-ONLINE-8-CL-A21', 'A21', 648, 'CL', 'Wed', 'Online', '08:00:00', 'Zoom', 1, 946, 'Casual');

-- --------------------------------------------------------

--
-- Table structure for table `units`
--

CREATE TABLE `units` (
  `id` bigint(20) UNSIGNED NOT NULL,
  `unit_code` int(11) NOT NULL,
  `unit_name` varchar(255) COLLATE utf8mb4_unicode_ci NOT NULL
) ENGINE=InnoDB DEFAULT CHARSET=utf8mb4 COLLATE=utf8mb4_unicode_ci;

--
-- Dumping data for table `units`
--

INSERT INTO `units` (`id`, `unit_code`, `unit_name`) VALUES
(363, 400201, 'Readings and Methodology'),
(364, 400235, 'Leadership in Clinical Practicec'),
(365, 400238, 'Policy, Power, Politics Hlth Care Provis'),
(366, 400412, 'Prim Hlth Care Appl'),
(367, 400773, 'Mental Hlth for Comm'),
(368, 400803, 'Research in Nursing Practice'),
(369, 400837, 'Hlth & Socio-Pol Issues in Aged Care'),
(370, 400846, 'Building Org Capacity in Hlth Care'),
(371, 401000, 'Prof Practice Exp 1'),
(372, 401000, 'Prof Practice Exp 1'),
(373, 401000, 'Prof Practice Exp 1'),
(374, 401000, 'Prof Practice Exp 1'),
(375, 401000, 'Prof Practice Exp 1'),
(376, 401000, 'Prof Practice Exp 1'),
(377, 401000, 'Prof Practice Exp 1'),
(378, 401000, 'Prof Practice Exp 1'),
(379, 401000, 'Prof Practice Exp 1'),
(380, 401000, 'Prof Practice Exp 1'),
(381, 401000, 'Prof Practice Exp 1'),
(382, 401000, 'Prof Practice Exp 1'),
(383, 401000, 'Prof Practice Exp 1'),
(384, 401000, 'Prof Practice Exp 1'),
(385, 401000, 'Prof Practice Exp 1'),
(386, 401000, 'Prof Practice Exp 1'),
(387, 401000, 'Prof Practice Exp 1'),
(388, 401000, 'Prof Practice Exp 1'),
(389, 401000, 'Prof Practice Exp 1'),
(390, 401000, 'Prof Practice Exp 1'),
(391, 401000, 'Prof Practice Exp 1'),
(392, 401000, 'Prof Practice Exp 1'),
(393, 401000, 'Prof Practice Exp 1'),
(394, 401000, 'Prof Practice Exp 1'),
(395, 401000, 'Prof Practice Exp 1'),
(396, 401000, 'Prof Practice Exp 1'),
(397, 401000, 'Prof Practice Exp 1'),
(398, 401000, 'Prof Practice Exp 1'),
(399, 401000, 'Prof Practice Exp 1'),
(400, 401000, 'Prof Practice Exp 1'),
(401, 401000, 'Prof Practice Exp 1'),
(402, 401000, 'Prof Practice Exp 1'),
(403, 401000, 'Prof Practice Exp 1'),
(404, 401000, 'Prof Practice Exp 1'),
(405, 401000, 'Prof Practice Exp 1'),
(406, 401000, 'Prof Practice Exp 1'),
(407, 401000, 'Prof Practice Exp 1'),
(408, 401001, 'Primary Health Care in Action'),
(409, 401001, 'Primary Health Care in Action'),
(410, 401001, 'Primary Health Care in Action'),
(411, 401001, 'Primary Health Care in Action'),
(412, 401001, 'Primary Health Care in Action'),
(413, 401001, 'Primary Health Care in Action'),
(414, 401001, 'Primary Health Care in Action'),
(415, 401001, 'Primary Health Care in Action'),
(416, 401001, 'Primary Health Care in Action'),
(417, 401001, 'Primary Health Care in Action'),
(418, 401001, 'Primary Health Care in Action'),
(419, 401001, 'Primary Health Care in Action'),
(420, 401001, 'Primary Health Care in Action'),
(421, 401001, 'Primary Health Care in Action'),
(422, 401002, 'Bioscience 1'),
(423, 401002, 'Bioscience 1'),
(424, 401002, 'Bioscience 1'),
(425, 401002, 'Bioscience 1'),
(426, 401002, 'Bioscience 1'),
(427, 401002, 'Bioscience 1'),
(428, 401002, 'Bioscience 1'),
(429, 401002, 'Bioscience 1'),
(430, 401002, 'Bioscience 1'),
(431, 401002, 'Bioscience 1'),
(432, 401002, 'Bioscience 1'),
(433, 401002, 'Bioscience 1'),
(434, 401002, 'Bioscience 1'),
(435, 401002, 'Bioscience 1'),
(436, 401002, 'Bioscience 1'),
(437, 401004, 'Prof Practice Exp 2'),
(438, 401004, 'Prof Practice Exp 2'),
(439, 401004, 'Prof Practice Exp 2'),
(440, 401008, 'Prof Practice Experience 3'),
(441, 401008, 'Prof Practice Experience 3'),
(442, 401008, 'Prof Practice Experience 3'),
(443, 401008, 'Prof Practice Experience 3'),
(444, 401008, 'Prof Practice Experience 3'),
(445, 401008, 'Prof Practice Experience 3'),
(446, 401008, 'Prof Practice Experience 3'),
(447, 401008, 'Prof Practice Experience 3'),
(448, 401008, 'Prof Practice Experience 3'),
(449, 401008, 'Prof Practice Experience 3'),
(450, 401008, 'Prof Practice Experience 3'),
(451, 401008, 'Prof Practice Experience 3'),
(452, 401008, 'Prof Practice Experience 3'),
(453, 401008, 'Prof Practice Experience 3'),
(454, 401008, 'Prof Practice Experience 3'),
(455, 401008, 'Prof Practice Experience 3'),
(456, 401008, 'Prof Practice Experience 3'),
(457, 401008, 'Prof Practice Experience 3'),
(458, 401008, 'Prof Practice Experience 3'),
(459, 401008, 'Prof Practice Experience 3'),
(460, 401008, 'Prof Practice Experience 3'),
(461, 401008, 'Prof Practice Experience 3'),
(462, 401008, 'Prof Practice Experience 3'),
(463, 401008, 'Prof Practice Experience 3'),
(464, 401008, 'Prof Practice Experience 3'),
(465, 401008, 'Prof Practice Experience 3'),
(466, 401008, 'Prof Practice Experience 3'),
(467, 401008, 'Prof Practice Experience 3'),
(468, 401008, 'Prof Practice Experience 3'),
(469, 401008, 'Prof Practice Experience 3'),
(470, 401008, 'Prof Practice Experience 3'),
(471, 401008, 'Prof Practice Experience 3'),
(472, 401008, 'Prof Practice Experience 3'),
(473, 401008, 'Prof Practice Experience 3'),
(474, 401008, 'Prof Practice Experience 3'),
(475, 401008, 'Prof Practice Experience 3'),
(476, 401008, 'Prof Practice Experience 3'),
(477, 401008, 'Prof Practice Experience 3'),
(478, 401008, 'Prof Practice Experience 3'),
(479, 401008, 'Prof Practice Experience 3'),
(480, 401008, 'Prof Practice Experience 3'),
(481, 401016, 'Prof Practice Exp 5'),
(482, 401016, 'Prof Practice Exp 5'),
(483, 401016, 'Prof Practice Exp 5'),
(484, 401016, 'Prof Practice Exp 5'),
(485, 401016, 'Prof Practice Exp 5'),
(486, 401016, 'Prof Practice Exp 5'),
(487, 401016, 'Prof Practice Exp 5'),
(488, 401016, 'Prof Practice Exp 5'),
(489, 401016, 'Prof Practice Exp 5'),
(490, 401016, 'Prof Practice Exp 5'),
(491, 401016, 'Prof Practice Exp 5'),
(492, 401016, 'Prof Practice Exp 5'),
(493, 401016, 'Prof Practice Exp 5'),
(494, 401016, 'Prof Practice Exp 5'),
(495, 401016, 'Prof Practice Exp 5'),
(496, 401016, 'Prof Practice Exp 5'),
(497, 401016, 'Prof Practice Exp 5'),
(498, 401016, 'Prof Practice Exp 5'),
(499, 401016, 'Prof Practice Exp 5'),
(500, 401016, 'Prof Practice Exp 5'),
(501, 401016, 'Prof Practice Exp 5'),
(502, 401016, 'Prof Practice Exp 5'),
(503, 401016, 'Prof Practice Exp 5'),
(504, 401016, 'Prof Practice Exp 5'),
(505, 401016, 'Prof Practice Exp 5'),
(506, 401016, 'Prof Practice Exp 5'),
(507, 401016, 'Prof Practice Exp 5'),
(508, 401016, 'Prof Practice Exp 5'),
(509, 401016, 'Prof Practice Exp 5'),
(510, 401016, 'Prof Practice Exp 5'),
(511, 401017, 'Promot Mental Hlth & Wellbeing 2'),
(512, 401017, 'Promot Mental Hlth & Wellbeing 2'),
(513, 401017, 'Promot Mental Hlth & Wellbeing 2'),
(514, 401017, 'Promot Mental Hlth & Wellbeing 2'),
(515, 401017, 'Promot Mental Hlth & Wellbeing 2'),
(516, 401017, 'Promot Mental Hlth & Wellbeing 2'),
(517, 401017, 'Promot Mental Hlth & Wellbeing 2'),
(518, 401017, 'Promot Mental Hlth & Wellbeing 2'),
(519, 401017, 'Promot Mental Hlth & Wellbeing 2'),
(520, 401017, 'Promot Mental Hlth & Wellbeing 2'),
(521, 401017, 'Promot Mental Hlth & Wellbeing 2'),
(522, 401017, 'Promot Mental Hlth & Wellbeing 2'),
(523, 401017, 'Promot Mental Hlth & Wellbeing 2'),
(524, 401017, 'Promot Mental Hlth & Wellbeing 2'),
(525, 401017, 'Promot Mental Hlth & Wellbeing 2'),
(526, 401017, 'Promot Mental Hlth & Wellbeing 2'),
(527, 401017, 'Promot Mental Hlth & Wellbeing 2'),
(528, 401017, 'Promot Mental Hlth & Wellbeing 2'),
(529, 401017, 'Promot Mental Hlth & Wellbeing 2'),
(530, 401025, 'Prom Mental Hlth & Wellbeing 2 (Adv)'),
(531, 401029, 'Foundation for Nursing Practice'),
(532, 401029, 'Foundation for Nursing Practice'),
(533, 401029, 'Foundation for Nursing Practice'),
(534, 401029, 'Foundation for Nursing Practice'),
(535, 401029, 'Foundation for Nursing Practice'),
(536, 401029, 'Foundation for Nursing Practice'),
(537, 401029, 'Foundation for Nursing Practice'),
(538, 401029, 'Foundation for Nursing Practice'),
(539, 401029, 'Foundation for Nursing Practice'),
(540, 401029, 'Foundation for Nursing Practice'),
(541, 401029, 'Foundation for Nursing Practice'),
(542, 401029, 'Foundation for Nursing Practice'),
(543, 401029, 'Foundation for Nursing Practice'),
(544, 401029, 'Foundation for Nursing Practice'),
(545, 401029, 'Foundation for Nursing Practice'),
(546, 401029, 'Foundation for Nursing Practice'),
(547, 401029, 'Foundation for Nursing Practice'),
(548, 401029, 'Foundation for Nursing Practice'),
(549, 401029, 'Foundation for Nursing Practice'),
(550, 401029, 'Foundation for Nursing Practice'),
(551, 401029, 'Foundation for Nursing Practice'),
(552, 401029, 'Foundation for Nursing Practice'),
(553, 401029, 'Foundation for Nursing Practice'),
(554, 401030, 'Midwifery Knowledge 1'),
(555, 401034, 'Midwifery Knowledge 3'),
(556, 401039, 'Complex Care 2'),
(557, 401039, 'Complex Care 2'),
(558, 401040, 'Collaborative Care'),
(559, 401083, 'Capstone Exp in Hlth Care'),
(560, 401204, 'AppClinPracSimulation'),
(561, 401204, 'AppClinPracSimulation'),
(562, 401205, 'Professional Communication in Nursing'),
(563, 401205, 'Professional Communication in Nursing'),
(564, 401205, 'Professional Communication in Nursing'),
(565, 401205, 'Professional Communication in Nursing'),
(566, 401205, 'Professional Communication in Nursing'),
(567, 401205, 'Professional Communication in Nursing'),
(568, 401205, 'Professional Communication in Nursing'),
(569, 401205, 'Professional Communication in Nursing'),
(570, 401205, 'Professional Communication in Nursing'),
(571, 401205, 'Professional Communication in Nursing'),
(572, 401205, 'Professional Communication in Nursing'),
(573, 401205, 'Professional Communication in Nursing'),
(574, 401205, 'Professional Communication in Nursing'),
(575, 401205, 'Professional Communication in Nursing'),
(576, 401205, 'Professional Communication in Nursing'),
(577, 401205, 'Professional Communication in Nursing'),
(578, 401205, 'Professional Communication in Nursing'),
(579, 401205, 'Professional Communication in Nursing'),
(580, 401206, 'AborigTorresStraitIslanderHealth'),
(581, 401206, 'AborigTorresStraitIslanderHealth'),
(582, 401206, 'AborigTorresStraitIslanderHealth'),
(583, 401206, 'AborigTorresStraitIslanderHealth'),
(584, 401206, 'AborigTorresStraitIslanderHealth'),
(585, 401206, 'AborigTorresStraitIslanderHealth'),
(586, 401206, 'AborigTorresStraitIslanderHealth'),
(587, 401206, 'AborigTorresStraitIslanderHealth'),
(588, 401206, 'AborigTorresStraitIslanderHealth'),
(589, 401206, 'AborigTorresStraitIslanderHealth'),
(590, 401206, 'AborigTorresStraitIslanderHealth'),
(591, 401206, 'AborigTorresStraitIslanderHealth'),
(592, 401206, 'AborigTorresStraitIslanderHealth'),
(593, 401207, 'Health Variations 1 - Perioperative'),
(594, 401207, 'Health Variations 1 - Perioperative'),
(595, 401207, 'Health Variations 1 - Perioperative'),
(596, 401207, 'Health Variations 1 - Perioperative'),
(597, 401207, 'Health Variations 1 - Perioperative'),
(598, 401207, 'Health Variations 1 - Perioperative'),
(599, 401207, 'Health Variations 1 - Perioperative'),
(600, 401207, 'Health Variations 1 - Perioperative'),
(601, 401207, 'Health Variations 1 - Perioperative'),
(602, 401207, 'Health Variations 1 - Perioperative'),
(603, 401207, 'Health Variations 1 - Perioperative'),
(604, 401207, 'Health Variations 1 - Perioperative'),
(605, 401207, 'Health Variations 1 - Perioperative'),
(606, 401207, 'Health Variations 1 - Perioperative'),
(607, 401207, 'Health Variations 1 - Perioperative'),
(608, 401207, 'Health Variations 1 - Perioperative'),
(609, 401207, 'Health Variations 1 - Perioperative'),
(610, 401207, 'Health Variations 1 - Perioperative'),
(611, 401207, 'Health Variations 1 - Perioperative'),
(612, 401208, 'Research for Nursing and Midwifery'),
(613, 401208, 'Research for Nursing and Midwifery'),
(614, 401208, 'Research for Nursing and Midwifery'),
(615, 401208, 'Research for Nursing and Midwifery'),
(616, 401208, 'Research for Nursing and Midwifery'),
(617, 401208, 'Research for Nursing and Midwifery'),
(618, 401208, 'Research for Nursing and Midwifery'),
(619, 401208, 'Research for Nursing and Midwifery'),
(620, 401208, 'Research for Nursing and Midwifery'),
(621, 401208, 'Research for Nursing and Midwifery'),
(622, 401208, 'Research for Nursing and Midwifery'),
(623, 401208, 'Research for Nursing and Midwifery'),
(624, 401208, 'Research for Nursing and Midwifery'),
(625, 401208, 'Research for Nursing and Midwifery'),
(626, 401208, 'Research for Nursing and Midwifery'),
(627, 401208, 'Research for Nursing and Midwifery'),
(628, 401211, 'HealthVar4-AcuteLifeThreatCond'),
(629, 401211, 'HealthVar4-AcuteLifeThreatCond'),
(630, 401211, 'HealthVar4-AcuteLifeThreatCond'),
(631, 401211, 'HealthVar4-AcuteLifeThreatCond'),
(632, 401211, 'HealthVar4-AcuteLifeThreatCond'),
(633, 401211, 'HealthVar4-AcuteLifeThreatCond'),
(634, 401211, 'HealthVar4-AcuteLifeThreatCond'),
(635, 401211, 'HealthVar4-AcuteLifeThreatCond'),
(636, 401211, 'HealthVar4-AcuteLifeThreatCond'),
(637, 401211, 'HealthVar4-AcuteLifeThreatCond'),
(638, 401211, 'HealthVar4-AcuteLifeThreatCond'),
(639, 401211, 'HealthVar4-AcuteLifeThreatCond'),
(640, 401211, 'HealthVar4-AcuteLifeThreatCond'),
(641, 401211, 'HealthVar4-AcuteLifeThreatCond'),
(642, 401211, 'HealthVar4-AcuteLifeThreatCond'),
(643, 401211, 'HealthVar4-AcuteLifeThreatCond'),
(644, 401211, 'HealthVar4-AcuteLifeThreatCond'),
(645, 401211, 'HealthVar4-AcuteLifeThreatCond'),
(646, 401211, 'HealthVar4-AcuteLifeThreatCond'),
(647, 401211, 'HealthVar4-AcuteLifeThreatCond'),
(648, 401212, 'HV5: Palliative and End of Life Care'),
(649, 401212, 'HV5: Palliative and End of Life Care'),
(650, 401212, 'HV5: Palliative and End of Life Care'),
(651, 401212, 'HV5: Palliative and End of Life Care'),
(652, 401212, 'HV5: Palliative and End of Life Care'),
(653, 401212, 'HV5: Palliative and End of Life Care'),
(654, 401212, 'HV5: Palliative and End of Life Care'),
(655, 401212, 'HV5: Palliative and End of Life Care'),
(656, 401212, 'HV5: Palliative and End of Life Care'),
(657, 401212, 'HV5: Palliative and End of Life Care'),
(658, 401212, 'HV5: Palliative and End of Life Care'),
(659, 401212, 'HV5: Palliative and End of Life Care'),
(660, 401212, 'HV5: Palliative and End of Life Care'),
(661, 401212, 'HV5: Palliative and End of Life Care'),
(662, 401212, 'HV5: Palliative and End of Life Care'),
(663, 401214, 'Research for Nursing (Adv)'),
(664, 401216, 'HV4 Acute Life Threat Cond'),
(665, 401216, 'HV4 Acute Life Threat Cond'),
(666, 401219, 'Midwifery Professional Practice 1'),
(667, 401219, 'Midwifery Professional Practice 1'),
(668, 401219, 'Midwifery Professional Practice 1'),
(669, 401219, 'Midwifery Professional Practice 1'),
(670, 401221, 'Midwifery Professional Practice 3'),
(671, 401221, 'Midwifery Professional Practice 3'),
(672, 401221, 'Midwifery Professional Practice 3'),
(673, 401223, 'Midwifery Professional Practice 5'),
(674, 401223, 'Midwifery Professional Practice 5'),
(675, 401223, 'Midwifery Professional Practice 5'),
(676, 401225, 'Psychosoc Issues in Perinatal Period'),
(677, 401347, 'Foundations of Antenatal and Birth Care'),
(678, 401347, 'Foundations of Antenatal and Birth Care'),
(679, 401347, 'Foundations of Antenatal and Birth Care'),
(680, 401348, 'FoundPostnatalNewbornCare'),
(681, 401348, 'FoundPostnatalNewbornCare'),
(682, 401348, 'FoundPostnatalNewbornCare'),
(683, 401349, 'ATSIMaternalNewbornHealth'),
(684, 401349, 'ATSIMaternalNewbornHealth'),
(685, 4684, 'Clinical Skills Refresher');

-- --------------------------------------------------------

--
-- Table structure for table `users`
--

CREATE TABLE `users` (
  `id` bigint(20) UNSIGNED NOT NULL,
  `role_id` bigint(20) UNSIGNED NOT NULL DEFAULT '0',
  `email` varchar(255) COLLATE utf8mb4_unicode_ci NOT NULL,
  `email_verified_at` timestamp NULL DEFAULT NULL,
  `password` varchar(255) COLLATE utf8mb4_unicode_ci NOT NULL,
  `remember_token` varchar(100) COLLATE utf8mb4_unicode_ci DEFAULT NULL,
  `created_at` timestamp NULL DEFAULT NULL,
  `updated_at` timestamp NULL DEFAULT NULL
) ENGINE=InnoDB DEFAULT CHARSET=utf8mb4 COLLATE=utf8mb4_unicode_ci;

--
-- Dumping data for table `users`
--

INSERT INTO `users` (`id`, `role_id`, `email`, `email_verified_at`, `password`, `remember_token`, `created_at`, `updated_at`) VALUES
(1, 1, 'miranda.daly@westernsydney.edu.au', NULL, '$2y$10$r5wzF2UaBl3mR24w77QUdO2.74JY/gppRpUMcFY.LW6NuH7pGjOhe', NULL, '2021-06-08 20:07:52', '2021-06-08 20:07:52'),
(2, 1, 'n.mcintosh@westernsydney.edu.au', NULL, '$2y$10$90zEb0xgF7LBpp8eq2y/v.fb1xcjdpLbah3OyzmOW0vsaHbBcs4Cu', NULL, '2021-06-08 20:09:12', '2021-06-08 20:09:12'),
(3, 1, 'addy.kaur@westernsydney.edu.au', NULL, '$2y$10$1cybjnf5DZHx9nAvUOO/yeq5UVdxmorZrZamepkAfnmy8s2S3Pbuq', NULL, '2021-06-08 20:09:40', '2021-06-08 20:09:40'),
(4, 0, '30015482@westernsydney.edu.au', NULL, '$2y$10$jBUvjQ66U5ePJN.fwfQfP.4e6Szdq0DGOOaUZ521wISS.YpcVFUo2', NULL, '2021-06-09 18:17:16', '2021-06-09 18:17:16'),
(5, 0, '30040722@westernsydney.edu.au', NULL, '$2y$10$jUb0tvY/y/AcBoIsmrgkKuq7QzPShrIDqgGdIqge6SUcdcWXnv2vy', NULL, '2021-06-09 18:19:32', '2021-06-09 18:19:32'),
(6, 0, '30037839@westernsydney.edu.au', NULL, '$2y$10$TmaRBmkyPhdECJ2NAHH/6OLvMPgfb0RnNgazYgAJoQ3hwqKMmRpc2', NULL, '2021-06-29 23:26:34', '2021-06-29 23:26:34');

-- --------------------------------------------------------

--
-- Table structure for table `user_roles`
--

CREATE TABLE `user_roles` (
  `id` bigint(20) UNSIGNED NOT NULL,
  `role_name` varchar(255) COLLATE utf8mb4_unicode_ci NOT NULL
) ENGINE=InnoDB DEFAULT CHARSET=utf8mb4 COLLATE=utf8mb4_unicode_ci;

--
-- Indexes for dumped tables
--

--
-- Indexes for table `failed_jobs`
--
ALTER TABLE `failed_jobs`
  ADD PRIMARY KEY (`id`),
  ADD UNIQUE KEY `failed_jobs_uuid_unique` (`uuid`);

--
-- Indexes for table `migrations`
--
ALTER TABLE `migrations`
  ADD PRIMARY KEY (`id`);

--
-- Indexes for table `password_resets`
--
ALTER TABLE `password_resets`
  ADD KEY `password_resets_email_index` (`email`);

--
-- Indexes for table `replacement_requests`
--
ALTER TABLE `replacement_requests`
  ADD PRIMARY KEY (`id`),
  ADD KEY `replacement_requests_timetable_id_foreign` (`timetable_id`),
  ADD KEY `replacement_requests_staff_id_foreign` (`staff_id`);

--
-- Indexes for table `request_tracker`
--
ALTER TABLE `request_tracker`
  ADD PRIMARY KEY (`id`),
  ADD KEY `request_tracker_replacement_id_foreign` (`replacement_id`),
  ADD KEY `request_tracker_staff_id_foreign` (`staff_id`);

--
-- Indexes for table `staff`
--
ALTER TABLE `staff`
  ADD PRIMARY KEY (`id`),
  ADD KEY `staff_user_id_foreign` (`user_id`);

--
-- Indexes for table `timetables`
--
ALTER TABLE `timetables`
  ADD PRIMARY KEY (`id`),
  ADD KEY `timetables_unit_code_id_foreign` (`unit_code_id`),
  ADD KEY `timetables_staff_id_foreign` (`staff_id`);

--
-- Indexes for table `units`
--
ALTER TABLE `units`
  ADD PRIMARY KEY (`id`);

--
-- Indexes for table `users`
--
ALTER TABLE `users`
  ADD PRIMARY KEY (`id`),
  ADD UNIQUE KEY `users_email_unique` (`email`);

--
-- Indexes for table `user_roles`
--
ALTER TABLE `user_roles`
  ADD PRIMARY KEY (`id`);

--
-- AUTO_INCREMENT for dumped tables
--

--
-- AUTO_INCREMENT for table `failed_jobs`
--
ALTER TABLE `failed_jobs`
  MODIFY `id` bigint(20) UNSIGNED NOT NULL AUTO_INCREMENT;

--
-- AUTO_INCREMENT for table `migrations`
--
ALTER TABLE `migrations`
  MODIFY `id` int(10) UNSIGNED NOT NULL AUTO_INCREMENT, AUTO_INCREMENT=10;

--
-- AUTO_INCREMENT for table `replacement_requests`
--
ALTER TABLE `replacement_requests`
  MODIFY `id` bigint(20) UNSIGNED NOT NULL AUTO_INCREMENT, AUTO_INCREMENT=5;

--
-- AUTO_INCREMENT for table `request_tracker`
--
ALTER TABLE `request_tracker`
  MODIFY `id` bigint(20) UNSIGNED NOT NULL AUTO_INCREMENT;

--
-- AUTO_INCREMENT for table `staff`
--
ALTER TABLE `staff`
  MODIFY `id` bigint(20) UNSIGNED NOT NULL AUTO_INCREMENT, AUTO_INCREMENT=973;

--
-- AUTO_INCREMENT for table `timetables`
--
ALTER TABLE `timetables`
  MODIFY `id` bigint(20) UNSIGNED NOT NULL AUTO_INCREMENT, AUTO_INCREMENT=30465;

--
-- AUTO_INCREMENT for table `units`
--
ALTER TABLE `units`
  MODIFY `id` bigint(20) UNSIGNED NOT NULL AUTO_INCREMENT, AUTO_INCREMENT=686;

--
-- AUTO_INCREMENT for table `users`
--
ALTER TABLE `users`
  MODIFY `id` bigint(20) UNSIGNED NOT NULL AUTO_INCREMENT, AUTO_INCREMENT=7;

--
-- AUTO_INCREMENT for table `user_roles`
--
ALTER TABLE `user_roles`
  MODIFY `id` bigint(20) UNSIGNED NOT NULL AUTO_INCREMENT;

--
-- Constraints for dumped tables
--

--
-- Constraints for table `replacement_requests`
--
ALTER TABLE `replacement_requests`
  ADD CONSTRAINT `replacement_requests_staff_id_foreign` FOREIGN KEY (`staff_id`) REFERENCES `staff` (`id`) ON DELETE CASCADE,
  ADD CONSTRAINT `replacement_requests_timetable_id_foreign` FOREIGN KEY (`timetable_id`) REFERENCES `timetables` (`id`) ON DELETE CASCADE;

--
-- Constraints for table `request_tracker`
--
ALTER TABLE `request_tracker`
  ADD CONSTRAINT `request_tracker_replacement_id_foreign` FOREIGN KEY (`replacement_id`) REFERENCES `replacement_requests` (`id`),
  ADD CONSTRAINT `request_tracker_staff_id_foreign` FOREIGN KEY (`staff_id`) REFERENCES `staff` (`id`);

--
-- Constraints for table `staff`
--
ALTER TABLE `staff`
  ADD CONSTRAINT `staff_user_id_foreign` FOREIGN KEY (`user_id`) REFERENCES `users` (`id`);

--
-- Constraints for table `timetables`
--
ALTER TABLE `timetables`
  ADD CONSTRAINT `timetables_staff_id_foreign` FOREIGN KEY (`staff_id`) REFERENCES `staff` (`id`) ON DELETE CASCADE,
  ADD CONSTRAINT `timetables_unit_code_id_foreign` FOREIGN KEY (`unit_code_id`) REFERENCES `units` (`id`) ON DELETE CASCADE;
COMMIT;

/*!40101 SET CHARACTER_SET_CLIENT=@OLD_CHARACTER_SET_CLIENT */;
/*!40101 SET CHARACTER_SET_RESULTS=@OLD_CHARACTER_SET_RESULTS */;
/*!40101 SET COLLATION_CONNECTION=@OLD_COLLATION_CONNECTION */;
